t,hand,elbow,shoulder,p_hand,p_elbow,p_shoulder,J2,J3,J6,grip_state,cmd_sent
652957.647,0,0,0,0.805,1.000,1.000,-90.00,180.00,0.00,OPEN,0
652957.702,0,0,0,0.711,1.000,1.000,-90.00,180.00,0.00,OPEN,0
652957.712,0,0,0,0.996,1.000,1.000,-90.00,180.00,0.00,OPEN,0
652957.722,0,0,0,1.000,1.000,1.000,-90.00,180.00,0.00,OPEN,0
652957.736,0,0,0,1.000,1.000,1.000,-90.00,180.00,0.00,OPEN,0
652957.746,0,0,0,1.000,1.000,1.000,-90.00,180.00,0.00,OPEN,0
652957.756,0,0,0,1.000,1.000,1.000,-90.00,180.00,0.00,OPEN,0
652957.768,0,0,0,1.000,1.000,1.000,-90.00,180.00,0.00,OPEN,0
652957.780,0,0,0,1.000,1.000,1.000,-90.00,180.00,0.00,OPEN,0
652957.791,0,0,0,1.000,1.000,1.000,-90.00,180.00,0.00,OPEN,0
652957.801,0,0,0,1.000,1.000,1.000,-90.00,180.00,0.00,OPEN,0
652957.809,0,0,0,1.000,1.000,1.000,-90.00,180.00,0.00,OPEN,0
652957.819,0,0,0,1.000,1.000,1.000,-90.00,180.00,0.00,OPEN,0
652957.827,0,0,0,1.000,1.000,1.000,-90.00,180.00,0.00,OPEN,0
652957.837,0,0,0,1.000,1.000,1.000,-90.00,180.00,0.00,OPEN,0
652957.845,0,0,0,1.000,1.000,1.000,-90.00,180.00,0.00,OPEN,0
652957.858,0,0,0,1.000,1.000,1.000,-90.00,180.00,0.00,OPEN,0
652957.867,0,0,0,1.000,1.000,1.000,-90.00,180.00,0.00,OPEN,0
652957.876,0,0,0,1.000,1.000,1.000,-90.00,180.00,0.00,OPEN,0
652957.885,0,0,0,1.000,1.000,1.000,-90.00,180.00,0.00,OPEN,0
652957.895,0,0,0,1.000,1.000,1.000,-90.00,180.00,0.00,OPEN,0
652957.905,0,0,0,1.000,1.000,1.000,-90.00,180.00,0.00,OPEN,0
652957.913,0,0,0,1.000,1.000,1.000,-90.00,180.00,0.00,OPEN,0
652957.923,0,0,0,1.000,1.000,1.000,-90.00,180.00,0.00,OPEN,0
652957.932,0,0,0,1.000,1.000,1.000,-90.00,180.00,0.00,OPEN,0
652957.942,0,0,0,1.000,1.000,1.000,-90.00,180.00,0.00,OPEN,0
652957.950,0,0,0,1.000,1.000,1.000,-90.00,180.00,0.00,OPEN,0
652957.959,0,0,0,1.000,1.000,1.000,-90.00,180.00,0.00,OPEN,0
652957.967,0,0,0,1.000,1.000,1.000,-90.00,180.00,0.00,OPEN,0
652957.976,0,0,0,1.000,1.000,1.000,-90.00,180.00,0.00,OPEN,0
652957.985,0,0,0,1.000,1.000,1.000,-90.00,180.00,0.00,OPEN,0
652957.994,0,0,0,1.000,1.000,1.000,-90.00,180.00,0.00,OPEN,0
652958.003,0,0,0,1.000,1.000,1.000,-90.00,180.00,0.00,OPEN,0
652958.013,0,0,0,1.000,1.000,1.000,-90.00,180.00,0.00,OPEN,0
652958.024,0,0,0,1.000,1.000,1.000,-90.00,180.00,0.00,OPEN,0
652958.033,0,0,0,1.000,1.000,1.000,-90.00,180.00,0.00,OPEN,0
652958.044,0,0,0,1.000,1.000,1.000,-90.00,180.00,0.00,OPEN,0
652958.053,0,0,0,1.000,1.000,1.000,-90.00,180.00,0.00,OPEN,0
652958.062,0,0,0,1.000,1.000,1.000,-90.00,180.00,0.00,OPEN,0
652958.070,0,0,0,1.000,1.000,1.000,-90.00,180.00,0.00,OPEN,0
652958.079,0,0,0,1.000,1.000,1.000,-90.00,180.00,0.00,OPEN,0
652958.087,0,0,0,1.000,1.000,1.000,-90.00,180.00,0.00,OPEN,0
652958.096,0,0,0,1.000,1.000,1.000,-90.00,180.00,0.00,OPEN,0
652958.104,0,0,0,1.000,1.000,1.000,-90.00,180.00,0.00,OPEN,0
652958.115,0,0,0,1.000,1.000,1.000,-90.00,180.00,0.00,OPEN,0
652958.124,0,0,0,1.000,1.000,1.000,-90.00,180.00,0.00,OPEN,0
652958.132,0,0,0,1.000,1.000,1.000,-90.00,180.00,0.00,OPEN,0
652958.141,0,0,0,1.000,1.000,1.000,-90.00,180.00,0.00,OPEN,0
652958.150,0,0,0,1.000,1.000,1.000,-90.00,180.00,0.00,OPEN,0
652958.159,0,0,0,1.000,1.000,1.000,-90.00,180.00,0.00,OPEN,0
652958.167,0,0,0,1.000,1.000,1.000,-90.00,180.00,0.00,OPEN,0
652958.177,0,0,0,1.000,1.000,1.000,-90.00,180.00,0.00,OPEN,0
652958.187,0,0,0,1.000,1.000,1.000,-90.00,180.00,0.00,OPEN,0
652958.196,0,0,0,1.000,1.000,1.000,-90.00,180.00,0.00,OPEN,0
652958.206,0,0,0,1.000,1.000,1.000,-90.00,180.00,0.00,OPEN,0
652958.214,0,0,0,1.000,1.000,1.000,-90.00,180.00,0.00,OPEN,0
652958.223,0,0,0,1.000,1.000,1.000,-90.00,180.00,0.00,OPEN,0
652958.232,0,0,0,1.000,1.000,1.000,-90.00,180.00,0.00,OPEN,0
652958.242,0,0,0,1.000,1.000,1.000,-90.00,180.00,0.00,OPEN,0
652958.252,1,0,0,1.000,1.000,1.000,-90.00,180.00,4.50,OPEN,1
652958.262,1,0,0,1.000,1.000,1.000,-90.00,180.00,4.50,OPEN,0
652958.271,1,0,0,1.000,1.000,1.000,-90.00,180.00,4.50,OPEN,0
652958.280,1,0,0,1.000,1.000,1.000,-90.00,180.00,4.50,OPEN,0
652958.289,1,0,0,1.000,1.000,1.000,-90.00,180.00,4.50,OPEN,0
652958.299,1,0,0,1.000,1.000,1.000,-90.00,180.00,4.50,OPEN,0
652958.308,1,0,0,1.000,1.000,1.000,-90.00,180.00,4.50,OPEN,0
652958.317,1,0,0,1.000,1.000,1.000,-90.00,180.00,4.50,OPEN,0
652958.326,1,0,0,1.000,1.000,1.000,-90.00,180.00,4.50,OPEN,0
652958.339,1,0,0,1.000,1.000,1.000,-90.00,180.00,4.50,OPEN,0
652958.348,1,0,0,1.000,1.000,1.000,-90.00,180.00,4.50,OPEN,0
652958.357,1,0,0,1.000,1.000,1.000,-90.00,180.00,9.00,OPEN,1
652958.367,1,0,0,1.000,1.000,1.000,-90.00,180.00,9.00,OPEN,0
652958.376,1,0,0,1.000,1.000,1.000,-90.00,180.00,9.00,OPEN,0
652958.385,1,0,0,1.000,1.000,1.000,-90.00,180.00,9.00,OPEN,0
652958.393,1,0,0,1.000,1.000,1.000,-90.00,180.00,9.00,OPEN,0
652958.402,1,0,0,1.000,1.000,1.000,-90.00,180.00,9.00,OPEN,0
652958.412,1,0,0,1.000,1.000,1.000,-90.00,180.00,9.00,OPEN,0
652958.421,1,0,0,1.000,1.000,1.000,-90.00,180.00,9.00,OPEN,0
652958.433,1,0,0,1.000,1.000,1.000,-90.00,180.00,9.00,OPEN,0
652958.442,1,0,0,1.000,1.000,1.000,-90.00,180.00,9.00,OPEN,0
652958.459,1,0,0,1.000,1.000,1.000,-90.00,180.00,13.50,OPEN,1
652958.474,1,0,0,1.000,1.000,1.000,-90.00,180.00,13.50,OPEN,0
652958.483,1,0,0,1.000,1.000,1.000,-90.00,180.00,13.50,OPEN,0
652958.493,1,0,0,1.000,1.000,1.000,-90.00,180.00,13.50,OPEN,0
652958.503,1,0,0,1.000,1.000,1.000,-90.00,180.00,13.50,OPEN,0
652958.512,1,0,0,1.000,1.000,1.000,-90.00,180.00,13.50,OPEN,0
652958.523,1,0,0,1.000,1.000,1.000,-90.00,180.00,13.50,OPEN,0
652958.532,1,0,0,1.000,1.000,1.000,-90.00,180.00,13.50,OPEN,0
652958.542,1,0,0,1.000,1.000,1.000,-90.00,180.00,13.50,OPEN,0
652958.551,1,0,0,1.000,1.000,1.000,-90.00,180.00,13.50,OPEN,0
652958.563,1,0,0,1.000,1.000,1.000,-90.00,180.00,18.00,OPEN,1
652958.573,1,0,0,1.000,1.000,1.000,-90.00,180.00,18.00,OPEN,0
652958.581,1,0,0,1.000,1.000,1.000,-90.00,180.00,18.00,OPEN,0
652958.591,1,0,0,1.000,1.000,1.000,-90.00,180.00,18.00,OPEN,0
652958.600,1,0,0,1.000,1.000,1.000,-90.00,180.00,18.00,OPEN,0
652958.613,1,0,0,1.000,1.000,1.000,-90.00,180.00,18.00,OPEN,0
652958.625,1,0,0,1.000,1.000,1.000,-90.00,180.00,18.00,OPEN,0
652958.637,1,0,0,1.000,1.000,1.000,-90.00,180.00,18.00,OPEN,0
652958.650,1,0,0,1.000,1.000,1.000,-90.00,180.00,18.00,OPEN,0
652958.661,1,0,0,1.000,1.000,1.000,-90.00,180.00,18.00,OPEN,0
652958.676,1,0,0,1.000,1.000,1.000,-90.00,180.00,22.50,OPEN,1
652958.687,1,0,0,1.000,1.000,1.000,-90.00,180.00,22.50,OPEN,0
652958.700,1,0,0,1.000,1.000,1.000,-90.00,180.00,22.50,OPEN,0
652958.710,1,0,0,1.000,1.000,1.000,-90.00,180.00,22.50,OPEN,0
652958.721,1,0,0,1.000,0.999,1.000,-90.00,180.00,22.50,OPEN,0
652958.729,1,0,0,1.000,0.997,1.000,-90.00,180.00,22.50,OPEN,0
652958.739,1,0,0,1.000,0.994,1.000,-90.00,180.00,22.50,OPEN,0
652958.748,1,0,0,1.000,0.998,1.000,-90.00,180.00,22.50,OPEN,0
652958.757,1,0,0,1.000,0.999,1.000,-90.00,180.00,22.50,OPEN,0
652958.765,1,0,0,1.000,1.000,1.000,-90.00,180.00,22.50,OPEN,0
652958.774,1,0,0,1.000,1.000,1.000,-90.00,180.00,22.50,OPEN,0
652958.783,1,0,0,1.000,1.000,1.000,-90.00,180.00,27.00,OPEN,1
652958.797,1,0,0,1.000,1.000,1.000,-90.00,180.00,27.00,OPEN,0
652958.808,1,0,0,1.000,1.000,1.000,-90.00,180.00,27.00,OPEN,0
652958.817,1,0,0,1.000,1.000,1.000,-90.00,180.00,27.00,OPEN,0
652958.828,1,0,0,1.000,1.000,1.000,-90.00,180.00,27.00,OPEN,0
652958.836,1,0,0,1.000,1.000,1.000,-90.00,180.00,27.00,OPEN,0
652958.845,1,0,0,1.000,1.000,1.000,-90.00,180.00,27.00,OPEN,0
652958.853,1,0,0,0.540,1.000,1.000,-90.00,180.00,27.00,OPEN,0
652958.863,1,0,0,0.866,1.000,1.000,-90.00,180.00,27.00,OPEN,0
652958.871,1,0,0,0.570,1.000,1.000,-90.00,180.00,27.00,OPEN,0
652958.881,1,0,0,0.697,1.000,1.000,-90.00,180.00,27.00,OPEN,0
652958.891,1,0,0,0.604,1.000,1.000,-90.00,180.00,31.50,OPEN,1
652958.900,1,0,0,0.676,1.000,1.000,-90.00,180.00,31.50,OPEN,0
652958.910,1,0,0,0.688,1.000,1.000,-90.00,180.00,31.50,OPEN,0
652958.920,1,0,0,0.960,1.000,1.000,-90.00,180.00,31.50,OPEN,0
652958.929,1,0,0,1.000,1.000,1.000,-90.00,180.00,31.50,OPEN,0
652958.937,1,0,0,1.000,1.000,1.000,-90.00,180.00,31.50,OPEN,0
652958.946,1,0,0,1.000,1.000,1.000,-90.00,180.00,31.50,OPEN,0
652958.954,0,0,0,1.000,1.000,1.000,-90.00,180.00,31.50,OPEN,0
652958.963,0,0,0,1.000,1.000,1.000,-90.00,180.00,31.50,OPEN,0
652958.971,0,0,0,1.000,1.000,1.000,-90.00,180.00,31.50,OPEN,0
652958.979,0,0,0,1.000,1.000,1.000,-90.00,180.00,31.50,OPEN,0
652958.988,0,0,0,1.000,1.000,1.000,-90.00,180.00,31.50,OPEN,0
652958.996,0,0,0,1.000,1.000,1.000,-90.00,180.00,31.50,OPEN,0
652959.005,0,0,0,1.000,1.000,1.000,-90.00,180.00,31.50,OPEN,0
652959.015,0,0,0,1.000,1.000,1.000,-90.00,180.00,31.50,OPEN,0
652959.024,0,0,0,1.000,1.000,1.000,-90.00,180.00,31.50,OPEN,0
652959.032,0,0,0,1.000,1.000,1.000,-90.00,180.00,31.50,OPEN,0
652959.041,0,0,0,1.000,1.000,1.000,-90.00,180.00,31.50,OPEN,0
652959.050,0,0,0,1.000,1.000,1.000,-90.00,180.00,31.50,OPEN,0
652959.059,0,0,0,1.000,1.000,1.000,-90.00,180.00,31.50,OPEN,0
652959.068,0,0,0,1.000,1.000,1.000,-90.00,180.00,31.50,OPEN,0
652959.077,0,0,0,1.000,1.000,1.000,-90.00,180.00,31.50,OPEN,0
652959.085,0,0,0,1.000,1.000,1.000,-90.00,180.00,31.50,OPEN,0
652959.093,0,0,0,1.000,1.000,1.000,-90.00,180.00,31.50,OPEN,0
652959.102,0,0,0,1.000,1.000,1.000,-90.00,180.00,31.50,OPEN,0
652959.111,0,0,0,1.000,1.000,1.000,-90.00,180.00,31.50,OPEN,0
652959.121,0,0,0,1.000,1.000,1.000,-90.00,180.00,31.50,OPEN,0
652959.130,0,0,0,1.000,1.000,1.000,-90.00,180.00,31.50,OPEN,0
652959.139,0,0,0,1.000,1.000,1.000,-90.00,180.00,31.50,OPEN,0
652959.148,0,0,0,1.000,1.000,1.000,-90.00,180.00,31.50,OPEN,0
652959.157,0,0,0,1.000,1.000,1.000,-90.00,180.00,31.50,OPEN,0
652959.165,0,0,0,0.999,1.000,1.000,-90.00,180.00,31.50,OPEN,0
652959.174,0,0,0,1.000,1.000,1.000,-90.00,180.00,31.50,OPEN,0
652959.183,0,0,0,1.000,1.000,1.000,-90.00,180.00,31.50,OPEN,0
652959.191,0,0,0,1.000,1.000,1.000,-90.00,180.00,31.50,OPEN,0
652959.200,0,0,0,1.000,1.000,1.000,-90.00,180.00,31.50,OPEN,0
652959.209,0,0,0,1.000,1.000,1.000,-90.00,180.00,31.50,OPEN,0
652959.219,0,0,0,1.000,1.000,1.000,-90.00,180.00,31.50,OPEN,0
652959.229,0,0,0,1.000,1.000,1.000,-90.00,180.00,31.50,OPEN,0
652959.239,0,0,0,1.000,1.000,1.000,-90.00,180.00,31.50,OPEN,0
652959.250,0,0,0,1.000,1.000,1.000,-90.00,180.00,31.50,OPEN,0
652959.260,0,0,0,1.000,1.000,1.000,-90.00,180.00,31.50,OPEN,0
652959.269,0,0,0,1.000,1.000,1.000,-90.00,180.00,31.50,OPEN,0
652959.279,0,0,0,1.000,1.000,1.000,-90.00,180.00,31.50,OPEN,0
652959.289,0,0,0,1.000,1.000,1.000,-90.00,180.00,31.50,OPEN,0
652959.299,0,0,0,1.000,1.000,1.000,-90.00,180.00,31.50,OPEN,0
652959.308,0,0,0,1.000,1.000,1.000,-90.00,180.00,31.50,OPEN,0
652959.316,0,0,0,1.000,1.000,1.000,-90.00,180.00,31.50,OPEN,0
652959.325,0,0,0,1.000,1.000,1.000,-90.00,180.00,31.50,OPEN,0
652959.334,0,0,0,1.000,1.000,1.000,-90.00,180.00,31.50,OPEN,0
652959.343,0,0,0,0.999,1.000,1.000,-90.00,180.00,31.50,OPEN,0
652959.354,0,0,0,1.000,1.000,1.000,-90.00,180.00,31.50,OPEN,0
652959.363,0,0,0,1.000,1.000,1.000,-90.00,180.00,31.50,OPEN,0
652959.373,0,0,0,1.000,1.000,1.000,-90.00,180.00,31.50,OPEN,0
652959.381,0,0,0,1.000,1.000,1.000,-90.00,180.00,31.50,OPEN,0
652959.390,0,0,0,1.000,1.000,1.000,-90.00,180.00,31.50,OPEN,0
652959.398,0,0,0,1.000,1.000,1.000,-90.00,180.00,31.50,OPEN,0
652959.406,0,0,0,1.000,1.000,1.000,-90.00,180.00,31.50,OPEN,0
652959.414,0,0,0,1.000,1.000,1.000,-90.00,180.00,31.50,OPEN,0
652959.423,0,0,0,1.000,1.000,1.000,-90.00,180.00,31.50,OPEN,0
652959.431,0,0,0,1.000,1.000,1.000,-90.00,180.00,31.50,OPEN,0
652959.440,0,0,0,1.000,1.000,1.000,-90.00,180.00,31.50,OPEN,0
652959.448,0,0,0,1.000,1.000,1.000,-90.00,180.00,31.50,OPEN,0
652959.457,0,0,0,1.000,1.000,1.000,-90.00,180.00,31.50,OPEN,0
652959.468,0,0,0,1.000,1.000,1.000,-90.00,180.00,31.50,OPEN,0
652959.477,0,0,0,0.999,1.000,1.000,-90.00,180.00,31.50,OPEN,0
652959.486,0,0,0,1.000,1.000,1.000,-90.00,180.00,31.50,OPEN,0
652959.496,0,0,0,1.000,1.000,1.000,-90.00,180.00,31.50,OPEN,0
652959.506,0,0,0,1.000,1.000,1.000,-90.00,180.00,31.50,OPEN,0
652959.516,0,0,0,1.000,1.000,1.000,-90.00,180.00,31.50,OPEN,0
652959.524,0,0,0,1.000,1.000,1.000,-90.00,180.00,31.50,OPEN,0
652959.533,0,0,0,1.000,1.000,1.000,-90.00,180.00,31.50,OPEN,0
652959.542,0,0,0,1.000,1.000,1.000,-90.00,180.00,31.50,OPEN,0
652959.550,0,0,0,1.000,1.000,1.000,-90.00,180.00,31.50,OPEN,0
652959.560,0,0,0,1.000,1.000,1.000,-90.00,180.00,31.50,OPEN,0
652959.571,0,0,0,1.000,1.000,1.000,-90.00,180.00,31.50,OPEN,0
652959.581,0,0,0,1.000,1.000,1.000,-90.00,180.00,31.50,OPEN,0
652959.591,0,0,0,1.000,1.000,1.000,-90.00,180.00,31.50,OPEN,0
652959.600,0,0,0,1.000,1.000,1.000,-90.00,180.00,31.50,OPEN,0
652959.608,0,0,0,1.000,1.000,1.000,-90.00,180.00,31.50,OPEN,0
652959.617,0,0,0,1.000,1.000,1.000,-90.00,180.00,31.50,OPEN,0
652959.626,0,0,0,1.000,1.000,1.000,-90.00,180.00,31.50,OPEN,0
652959.634,0,0,0,1.000,1.000,1.000,-90.00,180.00,31.50,OPEN,0
652959.643,0,0,0,1.000,1.000,1.000,-90.00,180.00,31.50,OPEN,0
652959.651,0,0,0,1.000,1.000,1.000,-90.00,180.00,31.50,OPEN,0
652959.661,0,0,0,1.000,1.000,1.000,-90.00,180.00,31.50,OPEN,0
652959.674,0,0,0,1.000,1.000,1.000,-90.00,180.00,31.50,OPEN,0
652959.685,0,0,0,1.000,1.000,1.000,-90.00,180.00,31.50,OPEN,0
652959.695,0,0,0,1.000,1.000,1.000,-90.00,180.00,31.50,OPEN,0
652959.705,0,0,0,1.000,1.000,1.000,-90.00,180.00,31.50,OPEN,0
652959.715,0,0,0,1.000,1.000,1.000,-90.00,180.00,31.50,OPEN,0
652959.727,0,0,0,1.000,1.000,1.000,-90.00,180.00,31.50,OPEN,0
652959.736,0,0,0,1.000,1.000,1.000,-90.00,180.00,31.50,OPEN,0
652959.745,0,0,0,1.000,1.000,1.000,-90.00,180.00,31.50,OPEN,0
652959.754,0,0,0,1.000,1.000,1.000,-90.00,180.00,31.50,OPEN,0
652959.765,0,0,0,1.000,1.000,1.000,-90.00,180.00,31.50,OPEN,0
652959.778,0,0,0,1.000,1.000,1.000,-90.00,180.00,31.50,OPEN,0
652959.788,0,0,0,1.000,1.000,1.000,-90.00,180.00,31.50,OPEN,0
652959.797,0,0,0,1.000,1.000,1.000,-90.00,180.00,31.50,OPEN,0
652959.808,0,0,0,1.000,1.000,1.000,-90.00,180.00,31.50,OPEN,0
652959.820,0,0,0,1.000,1.000,1.000,-90.00,180.00,31.50,OPEN,0
652959.830,0,0,0,1.000,1.000,1.000,-90.00,180.00,31.50,OPEN,0
652959.839,0,0,0,1.000,1.000,1.000,-90.00,180.00,31.50,OPEN,0
652959.849,0,0,0,1.000,1.000,1.000,-90.00,180.00,31.50,OPEN,0
652959.858,0,0,0,1.000,1.000,1.000,-90.00,180.00,31.50,OPEN,0
652959.870,0,0,0,1.000,1.000,1.000,-90.00,180.00,31.50,OPEN,0
652959.881,0,0,0,1.000,1.000,1.000,-90.00,180.00,31.50,OPEN,0
652959.890,0,0,0,1.000,1.000,1.000,-90.00,180.00,31.50,OPEN,0
652959.898,0,0,0,1.000,1.000,1.000,-90.00,180.00,31.50,OPEN,0
652959.907,0,0,0,1.000,1.000,1.000,-90.00,180.00,31.50,OPEN,0
652959.915,0,0,0,1.000,1.000,1.000,-90.00,180.00,31.50,OPEN,0
652959.924,0,0,0,1.000,1.000,1.000,-90.00,180.00,31.50,OPEN,0
652959.932,0,0,0,1.000,1.000,1.000,-90.00,180.00,31.50,OPEN,0
652959.940,0,0,0,1.000,1.000,1.000,-90.00,180.00,31.50,OPEN,0
652959.948,0,0,0,1.000,1.000,1.000,-90.00,180.00,31.50,OPEN,0
652959.957,0,0,0,1.000,1.000,1.000,-90.00,180.00,31.50,OPEN,0
652959.965,0,0,0,1.000,1.000,1.000,-90.00,180.00,31.50,OPEN,0
652959.974,0,0,0,1.000,1.000,1.000,-90.00,180.00,31.50,OPEN,0
652959.983,0,0,0,1.000,1.000,1.000,-90.00,180.00,31.50,OPEN,0
652959.992,0,0,0,1.000,1.000,1.000,-90.00,180.00,31.50,OPEN,0
652960.002,0,0,0,1.000,1.000,1.000,-90.00,180.00,31.50,OPEN,0
652960.016,0,0,0,1.000,1.000,1.000,-90.00,180.00,31.50,OPEN,0
652960.025,0,0,0,1.000,1.000,1.000,-90.00,180.00,31.50,OPEN,0
652960.033,0,0,0,1.000,1.000,1.000,-90.00,180.00,31.50,OPEN,0
652960.043,0,0,0,1.000,1.000,1.000,-90.00,180.00,31.50,OPEN,0
652960.051,0,0,0,1.000,1.000,1.000,-90.00,180.00,31.50,OPEN,0
652960.059,0,0,0,1.000,1.000,1.000,-90.00,180.00,31.50,OPEN,0
652960.069,0,0,0,1.000,1.000,1.000,-90.00,180.00,31.50,OPEN,0
652960.077,0,0,0,1.000,1.000,1.000,-90.00,180.00,31.50,OPEN,0
652960.085,0,0,0,1.000,1.000,1.000,-90.00,180.00,31.50,OPEN,0
652960.095,0,0,0,1.000,1.000,1.000,-90.00,180.00,31.50,OPEN,0
652960.105,0,0,0,1.000,1.000,1.000,-90.00,180.00,31.50,OPEN,0
652960.115,0,0,0,1.000,1.000,1.000,-90.00,180.00,31.50,OPEN,0
652960.125,0,0,0,1.000,1.000,1.000,-90.00,180.00,31.50,OPEN,0
652960.135,0,0,0,1.000,1.000,1.000,-90.00,180.00,31.50,OPEN,0
652960.145,0,0,0,1.000,1.000,1.000,-90.00,180.00,31.50,OPEN,0
652960.153,0,0,0,1.000,1.000,1.000,-90.00,180.00,31.50,OPEN,0
652960.162,0,0,0,1.000,1.000,1.000,-90.00,180.00,31.50,OPEN,0
652960.171,0,0,0,1.000,1.000,1.000,-90.00,180.00,31.50,OPEN,0
652960.181,0,0,0,1.000,1.000,1.000,-90.00,180.00,31.50,OPEN,0
652960.190,0,0,0,0.999,1.000,1.000,-90.00,180.00,31.50,OPEN,0
652960.198,0,0,0,0.866,1.000,1.000,-90.00,180.00,31.50,OPEN,0
652960.207,0,0,0,0.663,1.000,1.000,-90.00,180.00,31.50,OPEN,0
652960.215,0,0,0,0.938,1.000,1.000,-90.00,180.00,31.50,OPEN,0
652960.224,0,0,0,0.994,1.000,1.000,-90.00,180.00,31.50,OPEN,0
652960.232,0,0,0,0.999,1.000,1.000,-90.00,180.00,31.50,OPEN,0
652960.240,0,0,0,1.000,1.000,1.000,-90.00,180.00,31.50,OPEN,0
652960.250,0,0,0,1.000,1.000,1.000,-90.00,180.00,31.50,OPEN,0
652960.261,0,0,0,1.000,1.000,1.000,-90.00,180.00,31.50,OPEN,0
652960.271,0,0,0,1.000,1.000,1.000,-90.00,180.00,31.50,OPEN,0
652960.279,2,0,0,1.000,1.000,1.000,-90.00,180.00,27.00,OPEN,1
652960.291,2,0,0,1.000,1.000,1.000,-90.00,180.00,27.00,OPEN,0
652960.300,2,0,0,1.000,1.000,1.000,-90.00,180.00,27.00,OPEN,0
652960.309,2,0,0,1.000,1.000,1.000,-90.00,180.00,27.00,OPEN,0
652960.317,2,0,0,1.000,1.000,1.000,-90.00,180.00,27.00,OPEN,0
652960.326,2,0,0,1.000,1.000,1.000,-90.00,180.00,27.00,OPEN,0
652960.336,2,0,0,1.000,1.000,1.000,-90.00,180.00,27.00,OPEN,0
652960.346,2,0,0,1.000,1.000,1.000,-90.00,180.00,27.00,OPEN,0
652960.355,2,0,0,1.000,1.000,1.000,-90.00,180.00,27.00,OPEN,0
652960.364,2,0,0,1.000,1.000,1.000,-90.00,180.00,27.00,OPEN,0
652960.374,2,0,0,1.000,1.000,1.000,-90.00,180.00,27.00,OPEN,0
652960.383,2,0,0,1.000,1.000,1.000,-90.00,180.00,22.50,OPEN,1
652960.391,2,0,0,1.000,1.000,1.000,-90.00,180.00,22.50,OPEN,0
652960.400,2,0,0,1.000,1.000,1.000,-90.00,180.00,22.50,OPEN,0
652960.408,2,0,0,1.000,1.000,1.000,-90.00,180.00,22.50,OPEN,0
652960.416,2,0,0,1.000,1.000,1.000,-90.00,180.00,22.50,OPEN,0
652960.425,2,0,0,1.000,1.000,1.000,-90.00,180.00,22.50,OPEN,0
652960.433,2,0,0,1.000,1.000,1.000,-90.00,180.00,22.50,OPEN,0
652960.442,2,0,0,1.000,1.000,1.000,-90.00,180.00,22.50,OPEN,0
652960.450,2,0,0,1.000,1.000,1.000,-90.00,180.00,22.50,OPEN,0
652960.459,2,0,0,1.000,1.000,1.000,-90.00,180.00,22.50,OPEN,0
652960.469,2,0,0,1.000,1.000,1.000,-90.00,180.00,22.50,OPEN,0
652960.477,2,0,0,1.000,1.000,1.000,-90.00,180.00,22.50,OPEN,0
652960.486,2,0,0,1.000,1.000,1.000,-90.00,180.00,18.00,OPEN,1
652960.495,2,0,0,1.000,1.000,1.000,-90.00,180.00,18.00,OPEN,0
652960.505,2,0,0,1.000,1.000,1.000,-90.00,180.00,18.00,OPEN,0
652960.514,2,0,0,1.000,1.000,1.000,-90.00,180.00,18.00,OPEN,0
652960.524,2,0,0,1.000,1.000,1.000,-90.00,180.00,18.00,OPEN,0
652960.533,2,0,0,1.000,1.000,1.000,-90.00,180.00,18.00,OPEN,0
652960.541,2,0,0,1.000,1.000,1.000,-90.00,180.00,18.00,OPEN,0
652960.549,2,0,0,1.000,1.000,1.000,-90.00,180.00,18.00,OPEN,0
652960.559,2,0,0,1.000,1.000,1.000,-90.00,180.00,18.00,OPEN,0
652960.570,2,0,0,1.000,1.000,1.000,-90.00,180.00,18.00,OPEN,0
652960.580,2,0,0,1.000,1.000,1.000,-90.00,180.00,18.00,OPEN,0
652960.592,2,0,0,1.000,1.000,1.000,-90.00,180.00,13.50,OPEN,1
652960.601,2,0,0,1.000,1.000,1.000,-90.00,180.00,13.50,OPEN,0
652960.610,2,0,0,1.000,1.000,1.000,-90.00,180.00,13.50,OPEN,0
652960.618,2,0,0,1.000,1.000,1.000,-90.00,180.00,13.50,OPEN,0
652960.627,2,0,0,1.000,1.000,1.000,-90.00,180.00,13.50,OPEN,0
652960.635,2,0,0,1.000,1.000,1.000,-90.00,180.00,13.50,OPEN,0
652960.643,2,0,0,1.000,1.000,1.000,-90.00,180.00,13.50,OPEN,0
652960.656,2,0,0,1.000,1.000,1.000,-90.00,180.00,13.50,OPEN,0
652960.668,2,0,0,1.000,1.000,1.000,-90.00,180.00,13.50,OPEN,0
652960.681,2,0,0,1.000,1.000,1.000,-90.00,180.00,13.50,OPEN,0
652960.693,2,0,0,1.000,1.000,1.000,-90.00,180.00,9.00,OPEN,1
652960.709,2,0,0,1.000,1.000,1.000,-90.00,180.00,9.00,OPEN,0
652960.720,2,0,0,1.000,1.000,1.000,-90.00,180.00,9.00,OPEN,0
652960.729,2,0,0,1.000,1.000,1.000,-90.00,180.00,9.00,OPEN,0
652960.739,2,0,0,1.000,1.000,1.000,-90.00,180.00,9.00,OPEN,0
652960.749,2,0,0,1.000,1.000,1.000,-90.00,180.00,9.00,OPEN,0
652960.760,2,0,0,1.000,1.000,1.000,-90.00,180.00,9.00,OPEN,0
652960.771,2,0,0,1.000,1.000,1.000,-90.00,180.00,9.00,OPEN,0
652960.783,2,0,0,1.000,1.000,1.000,-90.00,180.00,9.00,OPEN,0
652960.795,2,0,0,1.000,1.000,1.000,-90.00,180.00,4.50,OPEN,1
652960.806,2,0,0,1.000,1.000,1.000,-90.00,180.00,4.50,OPEN,0
652960.815,2,0,0,1.000,1.000,1.000,-90.00,180.00,4.50,OPEN,0
652960.823,2,0,0,1.000,1.000,1.000,-90.00,180.00,4.50,OPEN,0
652960.833,2,0,0,1.000,1.000,1.000,-90.00,180.00,4.50,OPEN,0
652960.842,2,0,0,1.000,1.000,1.000,-90.00,180.00,4.50,OPEN,0
652960.851,2,0,0,1.000,1.000,1.000,-90.00,180.00,4.50,OPEN,0
652960.859,2,0,0,1.000,1.000,1.000,-90.00,180.00,4.50,OPEN,0
652960.868,2,0,0,1.000,1.000,1.000,-90.00,180.00,4.50,OPEN,0
652960.877,2,0,0,1.000,1.000,1.000,-90.00,180.00,4.50,OPEN,0
652960.885,2,0,0,1.000,1.000,1.000,-90.00,180.00,4.50,OPEN,0
652960.893,2,0,0,1.000,1.000,1.000,-90.00,180.00,4.50,OPEN,0
652960.901,2,0,0,1.000,1.000,1.000,-90.00,180.00,0.00,OPEN,1
652960.912,2,0,0,1.000,1.000,1.000,-90.00,180.00,0.00,OPEN,0
652960.921,2,0,0,1.000,1.000,1.000,-90.00,180.00,0.00,OPEN,0
652960.930,2,0,0,1.000,1.000,1.000,-90.00,180.00,0.00,OPEN,0
652960.939,2,0,0,1.000,1.000,1.000,-90.00,180.00,0.00,OPEN,0
652960.948,2,0,0,1.000,1.000,1.000,-90.00,180.00,0.00,OPEN,0
652960.957,2,0,0,1.000,1.000,1.000,-90.00,180.00,0.00,OPEN,0
652960.966,2,0,0,1.000,1.000,1.000,-90.00,180.00,0.00,OPEN,0
652960.975,2,0,0,1.000,1.000,1.000,-90.00,180.00,0.00,OPEN,0
652960.983,2,0,0,1.000,1.000,1.000,-90.00,180.00,0.00,OPEN,0
652960.992,2,0,0,1.000,1.000,1.000,-90.00,180.00,0.00,OPEN,0
652961.000,2,0,0,1.000,1.000,1.000,-90.00,180.00,0.00,OPEN,0
652961.008,2,0,0,1.000,1.000,1.000,-90.00,180.00,-4.50,OPEN,1
652961.024,2,0,0,1.000,1.000,1.000,-90.00,180.00,-4.50,OPEN,0
652961.034,2,0,0,1.000,1.000,1.000,-90.00,180.00,-4.50,OPEN,0
652961.043,2,0,0,1.000,1.000,1.000,-90.00,180.00,-4.50,OPEN,0
652961.054,2,0,0,1.000,1.000,1.000,-90.00,180.00,-4.50,OPEN,0
652961.063,2,0,0,1.000,1.000,1.000,-90.00,180.00,-4.50,OPEN,0
652961.072,2,0,0,1.000,1.000,1.000,-90.00,180.00,-4.50,OPEN,0
652961.081,2,0,0,1.000,1.000,1.000,-90.00,180.00,-4.50,OPEN,0
652961.090,2,0,0,1.000,1.000,1.000,-90.00,180.00,-4.50,OPEN,0
652961.099,2,0,0,1.000,1.000,1.000,-90.00,180.00,-4.50,OPEN,0
652961.107,2,0,0,1.000,1.000,1.000,-90.00,180.00,-4.50,OPEN,0
652961.116,2,0,0,1.000,1.000,1.000,-90.00,180.00,-9.00,OPEN,1
652961.124,2,0,0,1.000,1.000,1.000,-90.00,180.00,-9.00,OPEN,0
652961.132,2,0,0,1.000,1.000,1.000,-90.00,180.00,-9.00,OPEN,0
652961.142,2,0,0,1.000,1.000,1.000,-90.00,180.00,-9.00,OPEN,0
652961.151,2,0,0,1.000,1.000,1.000,-90.00,180.00,-9.00,OPEN,0
652961.159,2,0,0,1.000,1.000,1.000,-90.00,180.00,-9.00,OPEN,0
652961.167,2,0,0,1.000,1.000,1.000,-90.00,180.00,-9.00,OPEN,0
652961.176,2,0,0,1.000,1.000,1.000,-90.00,180.00,-9.00,OPEN,0
652961.184,2,0,0,1.000,1.000,1.000,-90.00,180.00,-9.00,OPEN,0
652961.193,2,0,0,1.000,1.000,1.000,-90.00,180.00,-9.00,OPEN,0
652961.201,2,0,0,1.000,1.000,1.000,-90.00,180.00,-9.00,OPEN,0
652961.210,2,0,0,1.000,1.000,1.000,-90.00,180.00,-9.00,OPEN,0
652961.218,2,0,0,1.000,1.000,1.000,-90.00,180.00,-13.50,OPEN,1
652961.228,2,0,0,1.000,1.000,1.000,-90.00,180.00,-13.50,OPEN,0
652961.237,2,0,0,1.000,1.000,1.000,-90.00,180.00,-13.50,OPEN,0
652961.254,2,0,0,1.000,1.000,1.000,-90.00,180.00,-13.50,OPEN,0
652961.266,2,0,0,1.000,1.000,1.000,-90.00,180.00,-13.50,OPEN,0
652961.275,2,0,0,1.000,1.000,1.000,-90.00,180.00,-13.50,OPEN,0
652961.284,2,0,0,1.000,1.000,1.000,-90.00,180.00,-13.50,OPEN,0
652961.293,2,0,0,1.000,1.000,1.000,-90.00,180.00,-13.50,OPEN,0
652961.303,2,0,0,1.000,1.000,1.000,-90.00,180.00,-13.50,OPEN,0
652961.312,2,0,0,1.000,1.000,1.000,-90.00,180.00,-13.50,OPEN,0
652961.321,2,0,0,1.000,1.000,1.000,-90.00,180.00,-18.00,OPEN,1
652961.329,2,0,0,1.000,1.000,1.000,-90.00,180.00,-18.00,OPEN,0
652961.341,2,0,0,1.000,1.000,1.000,-90.00,180.00,-18.00,OPEN,0
652961.353,2,0,0,1.000,1.000,1.000,-90.00,180.00,-18.00,OPEN,0
652961.364,2,0,0,1.000,1.000,1.000,-90.00,180.00,-18.00,OPEN,0
652961.373,2,0,0,1.000,1.000,1.000,-90.00,180.00,-18.00,OPEN,0
652961.383,2,0,0,0.999,1.000,1.000,-90.00,180.00,-18.00,OPEN,0
652961.395,2,0,0,0.968,1.000,1.000,-90.00,180.00,-18.00,OPEN,0
652961.406,2,0,0,0.730,1.000,1.000,-90.00,180.00,-18.00,OPEN,0
652961.416,2,0,0,0.954,1.000,1.000,-90.00,180.00,-18.00,OPEN,0
652961.432,2,0,0,0.989,1.000,1.000,-90.00,180.00,-22.50,OPEN,1
652961.446,2,0,0,0.992,1.000,1.000,-90.00,180.00,-22.50,OPEN,0
652961.468,2,0,0,0.988,1.000,1.000,-90.00,180.00,-22.50,OPEN,0
652961.484,2,0,0,0.986,1.000,1.000,-90.00,180.00,-22.50,OPEN,0
652961.506,2,0,0,0.980,1.000,1.000,-90.00,180.00,-22.50,OPEN,0
652961.517,2,0,0,0.875,1.000,1.000,-90.00,180.00,-22.50,OPEN,0
652961.528,3,0,0,0.922,1.000,1.000,-90.00,180.00,-22.50,CLOSED,0
652961.540,3,0,0,1.000,1.000,1.000,-90.00,180.00,-22.50,CLOSED,0
652961.553,3,0,0,1.000,1.000,1.000,-90.00,180.00,-22.50,CLOSED,0
652961.563,3,0,0,1.000,1.000,1.000,-90.00,180.00,-22.50,CLOSED,0
652961.581,3,0,0,1.000,1.000,1.000,-90.00,180.00,-22.50,CLOSED,0
652961.594,3,0,0,1.000,1.000,1.000,-90.00,180.00,-22.50,CLOSED,0
652961.609,3,0,0,1.000,1.000,1.000,-90.00,180.00,-22.50,CLOSED,0
652961.629,0,0,0,1.000,1.000,1.000,-90.00,180.00,-22.50,CLOSED,0
652961.645,0,0,0,1.000,1.000,1.000,-90.00,180.00,-22.50,CLOSED,0
652961.660,0,0,0,1.000,1.000,1.000,-90.00,180.00,-22.50,CLOSED,0
652961.673,0,0,0,1.000,1.000,1.000,-90.00,180.00,-22.50,CLOSED,0
652961.683,0,0,0,1.000,1.000,1.000,-90.00,180.00,-22.50,CLOSED,0
652961.695,0,0,0,1.000,1.000,1.000,-90.00,180.00,-22.50,CLOSED,0
652961.706,0,0,0,1.000,1.000,1.000,-90.00,180.00,-22.50,CLOSED,0
652961.717,0,0,0,1.000,1.000,1.000,-90.00,180.00,-22.50,CLOSED,0
652961.727,0,0,0,1.000,1.000,1.000,-90.00,180.00,-22.50,CLOSED,0
652961.737,0,0,0,1.000,1.000,1.000,-90.00,180.00,-22.50,CLOSED,0
652961.747,0,0,0,1.000,1.000,1.000,-90.00,180.00,-22.50,CLOSED,0
652961.756,0,0,0,1.000,1.000,1.000,-90.00,180.00,-22.50,CLOSED,0
652961.765,0,0,0,1.000,1.000,1.000,-90.00,180.00,-22.50,CLOSED,0
652961.775,0,0,0,1.000,1.000,1.000,-90.00,180.00,-22.50,CLOSED,0
652961.784,0,0,0,1.000,1.000,1.000,-90.00,180.00,-22.50,CLOSED,0
652961.794,0,0,0,1.000,1.000,1.000,-90.00,180.00,-22.50,CLOSED,0
652961.804,0,0,0,1.000,1.000,1.000,-90.00,180.00,-22.50,CLOSED,0
652961.815,0,0,0,1.000,1.000,1.000,-90.00,180.00,-22.50,CLOSED,0
652961.825,0,0,0,1.000,1.000,1.000,-90.00,180.00,-22.50,CLOSED,0
652961.835,0,0,0,1.000,1.000,1.000,-90.00,180.00,-22.50,CLOSED,0
652961.845,0,0,0,1.000,1.000,1.000,-90.00,180.00,-22.50,CLOSED,0
652961.855,0,0,0,1.000,1.000,1.000,-90.00,180.00,-22.50,CLOSED,0
652961.864,0,0,0,1.000,1.000,1.000,-90.00,180.00,-22.50,CLOSED,0
652961.874,0,0,0,1.000,1.000,1.000,-90.00,180.00,-22.50,CLOSED,0
652961.883,0,0,0,1.000,1.000,1.000,-90.00,180.00,-22.50,CLOSED,0
652961.891,0,0,0,1.000,1.000,1.000,-90.00,180.00,-22.50,CLOSED,0
652961.900,0,0,0,1.000,1.000,1.000,-90.00,180.00,-22.50,CLOSED,0
652961.908,0,0,0,1.000,1.000,1.000,-90.00,180.00,-22.50,CLOSED,0
652961.917,0,0,0,1.000,1.000,1.000,-90.00,180.00,-22.50,CLOSED,0
652961.926,0,0,0,1.000,1.000,1.000,-90.00,180.00,-22.50,CLOSED,0
652961.937,0,0,0,1.000,1.000,1.000,-90.00,180.00,-22.50,CLOSED,0
652961.946,0,0,0,1.000,1.000,1.000,-90.00,180.00,-22.50,CLOSED,0
652961.955,0,0,0,1.000,1.000,1.000,-90.00,180.00,-22.50,CLOSED,0
652961.963,0,0,0,1.000,1.000,1.000,-90.00,180.00,-22.50,CLOSED,0
652961.972,0,0,0,1.000,1.000,1.000,-90.00,180.00,-22.50,CLOSED,0
652961.981,0,0,0,1.000,1.000,1.000,-90.00,180.00,-22.50,CLOSED,0
652961.989,0,0,0,1.000,1.000,1.000,-90.00,180.00,-22.50,CLOSED,0
652961.998,0,0,0,1.000,1.000,1.000,-90.00,180.00,-22.50,CLOSED,0
652962.006,0,0,0,1.000,1.000,1.000,-90.00,180.00,-22.50,CLOSED,0
652962.015,0,0,0,1.000,1.000,1.000,-90.00,180.00,-22.50,CLOSED,0
652962.024,0,0,0,1.000,1.000,1.000,-90.00,180.00,-22.50,CLOSED,0
652962.033,0,0,0,1.000,1.000,1.000,-90.00,180.00,-22.50,CLOSED,0
652962.044,0,0,0,1.000,1.000,1.000,-90.00,180.00,-22.50,CLOSED,0
652962.052,0,0,0,1.000,1.000,1.000,-90.00,180.00,-22.50,CLOSED,0
652962.060,0,0,0,1.000,1.000,1.000,-90.00,180.00,-22.50,CLOSED,0
652962.069,0,0,0,1.000,1.000,1.000,-90.00,180.00,-22.50,CLOSED,0
652962.078,0,0,0,1.000,1.000,1.000,-90.00,180.00,-22.50,CLOSED,0
652962.088,0,0,0,1.000,1.000,1.000,-90.00,180.00,-22.50,CLOSED,0
652962.099,0,0,0,1.000,1.000,1.000,-90.00,180.00,-22.50,CLOSED,0
652962.108,0,0,0,1.000,1.000,1.000,-90.00,180.00,-22.50,CLOSED,0
652962.117,0,0,0,1.000,1.000,1.000,-90.00,180.00,-22.50,CLOSED,0
652962.125,0,0,0,1.000,1.000,1.000,-90.00,180.00,-22.50,CLOSED,0
652962.134,0,0,0,1.000,1.000,1.000,-90.00,180.00,-22.50,CLOSED,0
652962.144,0,0,0,1.000,1.000,1.000,-90.00,180.00,-22.50,CLOSED,0
652962.154,0,0,0,1.000,1.000,1.000,-90.00,180.00,-22.50,CLOSED,0
652962.163,0,0,0,1.000,1.000,1.000,-90.00,180.00,-22.50,CLOSED,0
652962.173,0,0,0,1.000,1.000,1.000,-90.00,180.00,-22.50,CLOSED,0
652962.183,0,0,0,1.000,1.000,1.000,-90.00,180.00,-22.50,CLOSED,0
652962.193,0,0,0,1.000,1.000,1.000,-90.00,180.00,-22.50,CLOSED,0
652962.201,0,0,0,1.000,1.000,1.000,-90.00,180.00,-22.50,CLOSED,0
652962.210,0,0,0,1.000,1.000,1.000,-90.00,180.00,-22.50,CLOSED,0
652962.218,0,0,0,1.000,1.000,1.000,-90.00,180.00,-22.50,CLOSED,0
652962.226,0,0,0,1.000,1.000,1.000,-90.00,180.00,-22.50,CLOSED,0
652962.235,0,0,0,1.000,1.000,1.000,-90.00,180.00,-22.50,CLOSED,0
652962.243,0,0,0,1.000,1.000,1.000,-90.00,180.00,-22.50,CLOSED,0
652962.251,0,0,0,1.000,1.000,1.000,-90.00,180.00,-22.50,CLOSED,0
652962.261,0,0,0,1.000,1.000,1.000,-90.00,180.00,-22.50,CLOSED,0
652962.270,0,0,0,1.000,1.000,1.000,-90.00,180.00,-22.50,CLOSED,0
652962.279,0,0,0,1.000,1.000,1.000,-90.00,180.00,-22.50,CLOSED,0
652962.288,0,0,0,1.000,1.000,1.000,-90.00,180.00,-22.50,CLOSED,0
652962.297,0,0,0,1.000,1.000,1.000,-90.00,180.00,-22.50,CLOSED,0
652962.307,0,0,0,1.000,1.000,1.000,-90.00,180.00,-22.50,CLOSED,0
652962.316,0,0,0,1.000,1.000,1.000,-90.00,180.00,-22.50,CLOSED,0
652962.325,0,0,0,1.000,1.000,1.000,-90.00,180.00,-22.50,CLOSED,0
652962.333,0,0,0,1.000,1.000,1.000,-90.00,180.00,-22.50,CLOSED,0
652962.342,0,0,0,1.000,1.000,1.000,-90.00,180.00,-22.50,CLOSED,0
652962.351,0,0,0,1.000,1.000,1.000,-90.00,180.00,-22.50,CLOSED,0
652962.359,0,0,0,1.000,1.000,1.000,-90.00,180.00,-22.50,CLOSED,0
652962.368,0,0,0,1.000,1.000,1.000,-90.00,180.00,-22.50,CLOSED,0
652962.378,0,0,0,1.000,1.000,1.000,-90.00,180.00,-22.50,CLOSED,0
652962.387,0,0,0,1.000,1.000,1.000,-90.00,180.00,-22.50,CLOSED,0
652962.395,0,0,0,1.000,1.000,1.000,-90.00,180.00,-22.50,CLOSED,0
652962.405,0,0,0,1.000,1.000,1.000,-90.00,180.00,-22.50,CLOSED,0
652962.416,0,0,0,1.000,1.000,1.000,-90.00,180.00,-22.50,CLOSED,0
652962.425,0,0,0,1.000,1.000,1.000,-90.00,180.00,-22.50,CLOSED,0
652962.435,0,0,0,1.000,1.000,1.000,-90.00,180.00,-22.50,CLOSED,0
652962.445,0,0,0,1.000,1.000,1.000,-90.00,180.00,-22.50,CLOSED,0
652962.456,0,0,0,1.000,1.000,1.000,-90.00,180.00,-22.50,CLOSED,0
652962.465,0,0,0,1.000,1.000,1.000,-90.00,180.00,-22.50,CLOSED,0
652962.474,0,0,0,1.000,1.000,1.000,-90.00,180.00,-22.50,CLOSED,0
652962.483,0,0,0,1.000,1.000,1.000,-90.00,180.00,-22.50,CLOSED,0
652962.494,0,0,0,1.000,1.000,1.000,-90.00,180.00,-22.50,CLOSED,0
652962.504,0,0,0,1.000,1.000,1.000,-90.00,180.00,-22.50,CLOSED,0
652962.513,0,0,0,1.000,1.000,1.000,-90.00,180.00,-22.50,CLOSED,0
652962.521,0,0,0,1.000,1.000,1.000,-90.00,180.00,-22.50,CLOSED,0
652962.542,0,0,0,1.000,1.000,1.000,-90.00,180.00,-22.50,CLOSED,0
652962.552,0,0,0,1.000,1.000,1.000,-90.00,180.00,-22.50,CLOSED,0
652962.561,0,0,0,1.000,1.000,1.000,-90.00,180.00,-22.50,CLOSED,0
652962.569,0,0,0,1.000,1.000,1.000,-90.00,180.00,-22.50,CLOSED,0
652962.578,0,0,0,1.000,1.000,1.000,-90.00,180.00,-22.50,CLOSED,0
652962.586,0,0,0,1.000,1.000,1.000,-90.00,180.00,-22.50,CLOSED,0
652962.597,0,0,0,1.000,1.000,1.000,-90.00,180.00,-22.50,CLOSED,0
652962.607,0,0,0,1.000,1.000,1.000,-90.00,180.00,-22.50,CLOSED,0
652962.616,0,0,0,1.000,1.000,1.000,-90.00,180.00,-22.50,CLOSED,0
652962.625,0,0,0,1.000,1.000,1.000,-90.00,180.00,-22.50,CLOSED,0
652962.633,0,0,0,1.000,1.000,1.000,-90.00,180.00,-22.50,CLOSED,0
652962.641,0,0,0,1.000,1.000,1.000,-90.00,180.00,-22.50,CLOSED,0
652962.650,0,0,0,1.000,1.000,1.000,-90.00,180.00,-22.50,CLOSED,0
652962.660,0,0,0,1.000,1.000,1.000,-90.00,180.00,-22.50,CLOSED,0
652962.669,0,0,0,1.000,1.000,1.000,-90.00,180.00,-22.50,CLOSED,0
652962.679,0,0,0,1.000,1.000,1.000,-90.00,180.00,-22.50,CLOSED,0
652962.687,0,0,0,1.000,1.000,1.000,-90.00,180.00,-22.50,CLOSED,0
652962.697,0,0,0,1.000,1.000,1.000,-90.00,180.00,-22.50,CLOSED,0
652962.705,0,0,0,1.000,1.000,1.000,-90.00,180.00,-22.50,CLOSED,0
652962.714,0,0,0,1.000,1.000,1.000,-90.00,180.00,-22.50,CLOSED,0
652962.724,0,0,0,1.000,1.000,1.000,-90.00,180.00,-22.50,CLOSED,0
652962.732,0,0,0,1.000,1.000,1.000,-90.00,180.00,-22.50,CLOSED,0
652962.741,0,0,0,1.000,1.000,1.000,-90.00,180.00,-22.50,CLOSED,0
652962.751,0,0,0,1.000,1.000,1.000,-90.00,180.00,-22.50,CLOSED,0
652962.760,0,0,0,1.000,1.000,1.000,-90.00,180.00,-22.50,CLOSED,0
652962.768,0,0,0,1.000,1.000,1.000,-90.00,180.00,-22.50,CLOSED,0
652962.776,0,0,0,1.000,1.000,1.000,-90.00,180.00,-22.50,CLOSED,0
652962.786,0,0,0,1.000,1.000,1.000,-90.00,180.00,-22.50,CLOSED,0
652962.795,0,0,0,1.000,1.000,1.000,-90.00,180.00,-22.50,CLOSED,0
652962.804,0,0,0,1.000,1.000,1.000,-90.00,180.00,-22.50,CLOSED,0
652962.812,0,0,0,1.000,1.000,1.000,-90.00,180.00,-22.50,CLOSED,0
652962.820,0,0,0,1.000,1.000,1.000,-90.00,180.00,-22.50,CLOSED,0
652962.830,0,0,0,1.000,1.000,1.000,-90.00,180.00,-22.50,CLOSED,0
652962.840,0,0,0,1.000,1.000,1.000,-90.00,180.00,-22.50,CLOSED,0
652962.849,0,0,0,1.000,1.000,1.000,-90.00,180.00,-22.50,CLOSED,0
652962.857,0,0,0,1.000,1.000,1.000,-90.00,180.00,-22.50,CLOSED,0
652962.865,0,0,0,0.768,1.000,1.000,-90.00,180.00,-22.50,CLOSED,0
652962.874,0,0,0,0.955,1.000,1.000,-90.00,180.00,-22.50,CLOSED,0
652962.884,0,0,0,0.990,1.000,1.000,-90.00,180.00,-22.50,CLOSED,0
652962.893,0,0,0,0.998,1.000,1.000,-90.00,180.00,-22.50,CLOSED,0
652962.902,0,0,0,0.999,1.000,1.000,-90.00,180.00,-22.50,CLOSED,0
652962.911,0,0,0,1.000,1.000,1.000,-90.00,180.00,-22.50,CLOSED,0
652962.921,0,0,0,1.000,1.000,1.000,-90.00,180.00,-22.50,CLOSED,0
652962.930,0,0,0,1.000,1.000,1.000,-90.00,180.00,-22.50,CLOSED,0
652962.940,3,0,0,1.000,1.000,1.000,-90.00,180.00,-22.50,OPEN,0
652962.948,3,0,0,1.000,1.000,1.000,-90.00,180.00,-22.50,OPEN,0
652962.958,3,0,0,1.000,1.000,1.000,-90.00,180.00,-22.50,OPEN,0
652962.966,3,0,0,1.000,1.000,1.000,-90.00,180.00,-22.50,OPEN,0
652962.975,3,0,0,1.000,1.000,1.000,-90.00,180.00,-22.50,OPEN,0
652962.983,3,0,0,1.000,1.000,1.000,-90.00,180.00,-22.50,OPEN,0
652962.993,3,0,0,1.000,1.000,1.000,-90.00,180.00,-22.50,OPEN,0
652963.001,3,0,0,1.000,1.000,1.000,-90.00,180.00,-22.50,OPEN,0
652963.009,3,0,0,1.000,1.000,1.000,-90.00,180.00,-22.50,OPEN,0
652963.018,3,0,0,1.000,1.000,1.000,-90.00,180.00,-22.50,OPEN,0
652963.027,3,0,0,1.000,1.000,1.000,-90.00,180.00,-22.50,OPEN,0
652963.035,3,0,0,1.000,1.000,1.000,-90.00,180.00,-22.50,OPEN,0
652963.044,3,0,0,1.000,1.000,1.000,-90.00,180.00,-22.50,OPEN,0
652963.053,3,0,0,1.000,1.000,1.000,-90.00,180.00,-22.50,OPEN,0
652963.063,3,0,0,1.000,1.000,1.000,-90.00,180.00,-22.50,OPEN,0
652963.072,3,0,0,1.000,1.000,1.000,-90.00,180.00,-22.50,OPEN,0
652963.081,3,0,0,1.000,1.000,1.000,-90.00,180.00,-22.50,OPEN,0
652963.089,3,0,0,1.000,1.000,1.000,-90.00,180.00,-22.50,OPEN,0
652963.098,3,0,0,1.000,1.000,1.000,-90.00,180.00,-22.50,OPEN,0
652963.108,3,0,0,1.000,1.000,1.000,-90.00,180.00,-22.50,OPEN,0
652963.117,3,0,0,1.000,1.000,1.000,-90.00,180.00,-22.50,OPEN,0
652963.125,3,0,0,1.000,1.000,1.000,-90.00,180.00,-22.50,OPEN,0
652963.134,3,0,0,1.000,1.000,1.000,-90.00,180.00,-22.50,OPEN,0
652963.142,3,0,0,1.000,1.000,1.000,-90.00,180.00,-22.50,OPEN,0
652963.153,3,0,0,1.000,1.000,1.000,-90.00,180.00,-22.50,OPEN,0
652963.162,3,0,0,1.000,1.000,1.000,-90.00,180.00,-22.50,OPEN,0
652963.172,3,0,0,1.000,1.000,1.000,-90.00,180.00,-22.50,OPEN,0
652963.181,3,0,0,1.000,1.000,1.000,-90.00,180.00,-22.50,OPEN,0
652963.190,3,0,0,1.000,1.000,1.000,-90.00,180.00,-22.50,OPEN,0
652963.199,3,0,0,1.000,1.000,1.000,-90.00,180.00,-22.50,OPEN,0
652963.208,3,0,0,1.000,1.000,1.000,-90.00,180.00,-22.50,OPEN,0
652963.217,3,0,0,1.000,1.000,1.000,-90.00,180.00,-22.50,OPEN,0
652963.226,3,0,0,1.000,1.000,1.000,-90.00,180.00,-22.50,OPEN,0
652963.234,3,0,0,1.000,1.000,1.000,-90.00,180.00,-22.50,OPEN,0
652963.242,3,0,0,1.000,1.000,1.000,-90.00,180.00,-22.50,OPEN,0
652963.251,3,0,0,1.000,1.000,1.000,-90.00,180.00,-22.50,OPEN,0
652963.261,3,0,0,1.000,1.000,1.000,-90.00,180.00,-22.50,OPEN,0
652963.278,3,0,0,1.000,1.000,1.000,-90.00,180.00,-22.50,OPEN,0
652963.287,3,0,0,1.000,1.000,1.000,-90.00,180.00,-22.50,OPEN,0
652963.296,3,0,0,1.000,1.000,1.000,-90.00,180.00,-22.50,OPEN,0
652963.306,3,0,0,1.000,1.000,1.000,-90.00,180.00,-22.50,OPEN,0
652963.317,3,0,0,1.000,1.000,1.000,-90.00,180.00,-22.50,OPEN,0
652963.326,3,0,0,1.000,1.000,1.000,-90.00,180.00,-22.50,OPEN,0
652963.335,3,0,0,1.000,1.000,1.000,-90.00,180.00,-22.50,OPEN,0
652963.343,3,0,0,1.000,1.000,1.000,-90.00,180.00,-22.50,OPEN,0
652963.352,3,0,0,1.000,1.000,1.000,-90.00,180.00,-22.50,OPEN,0
652963.360,3,0,0,1.000,1.000,1.000,-90.00,180.00,-22.50,OPEN,0
652963.369,3,0,0,1.000,1.000,1.000,-90.00,180.00,-22.50,OPEN,0
652963.377,3,0,0,1.000,1.000,1.000,-90.00,180.00,-22.50,OPEN,0
652963.386,3,0,0,1.000,1.000,1.000,-90.00,180.00,-22.50,OPEN,0
652963.394,3,0,0,1.000,1.000,1.000,-90.00,180.00,-22.50,OPEN,0
652963.403,3,0,0,1.000,1.000,1.000,-90.00,180.00,-22.50,OPEN,0
652963.411,3,0,0,1.000,1.000,1.000,-90.00,180.00,-22.50,OPEN,0
652963.420,3,0,0,1.000,1.000,1.000,-90.00,180.00,-22.50,OPEN,0
652963.428,3,0,0,1.000,1.000,1.000,-90.00,180.00,-22.50,OPEN,0
652963.437,3,0,0,1.000,1.000,1.000,-90.00,180.00,-22.50,OPEN,0
652963.445,3,0,0,1.000,1.000,1.000,-90.00,180.00,-22.50,OPEN,0
652963.454,3,0,0,1.000,1.000,1.000,-90.00,180.00,-22.50,OPEN,0
652963.463,3,0,0,1.000,1.000,1.000,-90.00,180.00,-22.50,OPEN,0
652963.472,3,0,0,1.000,1.000,1.000,-90.00,180.00,-22.50,OPEN,0
652963.480,3,0,0,1.000,1.000,1.000,-90.00,180.00,-22.50,OPEN,0
652963.489,3,0,0,1.000,1.000,1.000,-90.00,180.00,-22.50,OPEN,0
652963.498,3,0,0,1.000,1.000,1.000,-90.00,180.00,-22.50,OPEN,0
652963.508,3,0,0,1.000,1.000,1.000,-90.00,180.00,-22.50,OPEN,0
652963.517,3,0,0,1.000,1.000,1.000,-90.00,180.00,-22.50,OPEN,0
652963.526,3,0,0,1.000,1.000,1.000,-90.00,180.00,-22.50,OPEN,0
652963.534,3,0,0,1.000,1.000,1.000,-90.00,180.00,-22.50,OPEN,0
652963.543,3,0,0,1.000,1.000,1.000,-90.00,180.00,-22.50,OPEN,0
652963.552,3,0,0,1.000,1.000,1.000,-90.00,180.00,-22.50,OPEN,0
652963.563,3,0,0,1.000,1.000,1.000,-90.00,180.00,-22.50,OPEN,0
652963.572,3,0,0,1.000,1.000,1.000,-90.00,180.00,-22.50,OPEN,0
652963.581,3,0,0,1.000,1.000,1.000,-90.00,180.00,-22.50,OPEN,0
652963.590,3,0,0,1.000,1.000,1.000,-90.00,180.00,-22.50,OPEN,0
652963.598,3,0,0,1.000,1.000,1.000,-90.00,180.00,-22.50,OPEN,0
652963.607,3,0,0,1.000,1.000,1.000,-90.00,180.00,-22.50,OPEN,0
652963.619,3,0,0,1.000,1.000,1.000,-90.00,180.00,-22.50,OPEN,0
652963.628,3,0,0,1.000,1.000,1.000,-90.00,180.00,-22.50,OPEN,0
652963.636,3,0,0,1.000,1.000,1.000,-90.00,180.00,-22.50,OPEN,0
652963.644,3,0,0,1.000,1.000,1.000,-90.00,180.00,-22.50,OPEN,0
652963.653,3,0,0,1.000,1.000,1.000,-90.00,180.00,-22.50,OPEN,0
652963.662,3,0,0,1.000,1.000,1.000,-90.00,180.00,-22.50,OPEN,0
652963.670,3,0,0,1.000,1.000,1.000,-90.00,180.00,-22.50,OPEN,0
652963.678,3,0,0,1.000,1.000,1.000,-90.00,180.00,-22.50,OPEN,0
652963.688,3,0,0,1.000,1.000,1.000,-90.00,180.00,-22.50,OPEN,0
652963.696,3,0,0,1.000,1.000,1.000,-90.00,180.00,-22.50,OPEN,0
652963.706,3,0,0,1.000,1.000,1.000,-90.00,180.00,-22.50,OPEN,0
652963.716,3,0,0,1.000,1.000,1.000,-90.00,180.00,-22.50,OPEN,0
652963.726,3,0,0,1.000,1.000,1.000,-90.00,180.00,-22.50,OPEN,0
652963.734,3,0,0,1.000,1.000,1.000,-90.00,180.00,-22.50,OPEN,0
652963.743,3,0,0,1.000,1.000,1.000,-90.00,180.00,-22.50,OPEN,0
652963.751,3,0,0,1.000,1.000,1.000,-90.00,180.00,-22.50,OPEN,0
652963.761,3,0,0,1.000,1.000,1.000,-90.00,180.00,-22.50,OPEN,0
652963.770,3,0,0,1.000,1.000,1.000,-90.00,180.00,-22.50,OPEN,0
652963.779,3,0,0,1.000,1.000,1.000,-90.00,180.00,-22.50,OPEN,0
652963.789,3,0,0,1.000,1.000,1.000,-90.00,180.00,-22.50,OPEN,0
652963.799,3,0,0,1.000,1.000,1.000,-90.00,180.00,-22.50,OPEN,0
652963.810,3,0,0,1.000,1.000,1.000,-90.00,180.00,-22.50,OPEN,0
652963.818,3,0,0,1.000,1.000,1.000,-90.00,180.00,-22.50,OPEN,0
652963.826,3,0,0,1.000,1.000,1.000,-90.00,180.00,-22.50,OPEN,0
652963.839,3,0,0,1.000,1.000,1.000,-90.00,180.00,-22.50,OPEN,0
652963.848,3,0,0,1.000,1.000,1.000,-90.00,180.00,-22.50,OPEN,0
652963.858,3,0,0,1.000,1.000,1.000,-90.00,180.00,-22.50,OPEN,0
652963.867,3,0,0,1.000,1.000,1.000,-90.00,180.00,-22.50,OPEN,0
652963.877,3,0,0,1.000,1.000,1.000,-90.00,180.00,-22.50,OPEN,0
652963.885,3,0,0,1.000,1.000,1.000,-90.00,180.00,-22.50,OPEN,0
652963.894,3,0,0,1.000,1.000,1.000,-90.00,180.00,-22.50,OPEN,0
652963.903,3,0,0,1.000,1.000,1.000,-90.00,180.00,-22.50,OPEN,0
652963.912,3,0,0,1.000,1.000,1.000,-90.00,180.00,-22.50,OPEN,0
652963.920,3,0,0,1.000,1.000,1.000,-90.00,180.00,-22.50,OPEN,0
652963.933,3,0,0,1.000,1.000,1.000,-90.00,180.00,-22.50,OPEN,0
652963.943,3,0,0,1.000,1.000,1.000,-90.00,180.00,-22.50,OPEN,0
652963.951,3,0,0,1.000,1.000,1.000,-90.00,180.00,-22.50,OPEN,0
652963.961,3,0,0,1.000,1.000,1.000,-90.00,180.00,-22.50,OPEN,0
652963.971,3,0,0,1.000,1.000,1.000,-90.00,180.00,-22.50,OPEN,0
652963.981,3,0,0,1.000,1.000,1.000,-90.00,180.00,-22.50,OPEN,0
652963.989,3,0,0,1.000,1.000,1.000,-90.00,180.00,-22.50,OPEN,0
652963.997,3,0,0,1.000,1.000,1.000,-90.00,180.00,-22.50,OPEN,0
652964.006,3,0,0,0.998,1.000,1.000,-90.00,180.00,-22.50,OPEN,0
652964.015,3,0,0,0.973,1.000,1.000,-90.00,180.00,-22.50,OPEN,0
652964.026,3,0,0,0.588,1.000,1.000,-90.00,180.00,-22.50,OPEN,0
652964.036,3,0,0,1.000,1.000,1.000,-90.00,180.00,-22.50,OPEN,0
652964.046,3,0,0,1.000,1.000,1.000,-90.00,180.00,-22.50,OPEN,0
652964.056,3,0,0,1.000,1.000,1.000,-90.00,180.00,-22.50,OPEN,0
652964.065,3,0,0,1.000,1.000,1.000,-90.00,180.00,-22.50,OPEN,0
652964.075,3,0,0,1.000,1.000,1.000,-90.00,180.00,-22.50,OPEN,0
652964.083,3,0,0,1.000,1.000,1.000,-90.00,180.00,-22.50,OPEN,0
652964.092,3,0,0,1.000,1.000,1.000,-90.00,180.00,-22.50,OPEN,0
652964.101,0,0,0,1.000,1.000,1.000,-90.00,180.00,-22.50,OPEN,0
652964.109,0,0,0,1.000,1.000,1.000,-90.00,180.00,-22.50,OPEN,0
652964.118,0,0,0,1.000,1.000,1.000,-90.00,180.00,-22.50,OPEN,0
652964.126,0,0,0,1.000,1.000,1.000,-90.00,180.00,-22.50,OPEN,0
652964.136,0,0,0,1.000,1.000,1.000,-90.00,180.00,-22.50,OPEN,0
652964.144,0,0,0,1.000,1.000,1.000,-90.00,180.00,-22.50,OPEN,0
652964.153,0,0,0,1.000,1.000,1.000,-90.00,180.00,-22.50,OPEN,0
652964.162,0,0,0,1.000,1.000,1.000,-90.00,180.00,-22.50,OPEN,0
652964.172,0,0,0,1.000,1.000,1.000,-90.00,180.00,-22.50,OPEN,0
652964.181,0,0,0,1.000,1.000,1.000,-90.00,180.00,-22.50,OPEN,0
652964.189,0,0,0,1.000,1.000,1.000,-90.00,180.00,-22.50,OPEN,0
652964.198,0,0,0,1.000,1.000,1.000,-90.00,180.00,-22.50,OPEN,0
652964.207,0,0,0,1.000,1.000,1.000,-90.00,180.00,-22.50,OPEN,0
652964.216,0,0,0,1.000,1.000,1.000,-90.00,180.00,-22.50,OPEN,0
652964.225,0,0,0,1.000,1.000,1.000,-90.00,180.00,-22.50,OPEN,0
652964.234,0,0,0,1.000,1.000,1.000,-90.00,180.00,-22.50,OPEN,0
652964.242,0,0,0,1.000,1.000,1.000,-90.00,180.00,-22.50,OPEN,0
652964.250,0,0,0,1.000,1.000,1.000,-90.00,180.00,-22.50,OPEN,0
652964.259,0,0,0,1.000,1.000,1.000,-90.00,180.00,-22.50,OPEN,0
652964.268,0,0,0,1.000,1.000,1.000,-90.00,180.00,-22.50,OPEN,0
652964.277,0,0,0,1.000,1.000,1.000,-90.00,180.00,-22.50,OPEN,0
652964.285,0,0,0,1.000,1.000,1.000,-90.00,180.00,-22.50,OPEN,0
652964.295,0,0,0,1.000,1.000,1.000,-90.00,180.00,-22.50,OPEN,0
652964.305,0,0,0,1.000,1.000,1.000,-90.00,180.00,-22.50,OPEN,0
652964.314,0,0,0,1.000,1.000,1.000,-90.00,180.00,-22.50,OPEN,0
652964.323,0,0,0,1.000,1.000,1.000,-90.00,180.00,-22.50,OPEN,0
652964.331,0,0,0,1.000,1.000,1.000,-90.00,180.00,-22.50,OPEN,0
652964.341,0,0,0,1.000,1.000,1.000,-90.00,180.00,-22.50,OPEN,0
652964.349,0,0,0,1.000,1.000,1.000,-90.00,180.00,-22.50,OPEN,0
652964.359,0,0,0,1.000,1.000,1.000,-90.00,180.00,-22.50,OPEN,0
652964.367,0,0,0,1.000,1.000,1.000,-90.00,180.00,-22.50,OPEN,0
652964.375,0,0,0,1.000,1.000,1.000,-90.00,180.00,-22.50,OPEN,0
652964.384,0,0,0,1.000,1.000,1.000,-90.00,180.00,-22.50,OPEN,0
652964.393,0,0,0,1.000,1.000,1.000,-90.00,180.00,-22.50,OPEN,0
652964.403,0,0,0,1.000,1.000,1.000,-90.00,180.00,-22.50,OPEN,0
652964.411,0,0,0,1.000,1.000,1.000,-90.00,180.00,-22.50,OPEN,0
652964.420,0,0,0,1.000,1.000,1.000,-90.00,180.00,-22.50,OPEN,0
652964.428,0,0,0,1.000,1.000,1.000,-90.00,180.00,-22.50,OPEN,0
652964.436,0,0,0,1.000,1.000,1.000,-90.00,180.00,-22.50,OPEN,0
652964.444,0,0,0,1.000,1.000,1.000,-90.00,180.00,-22.50,OPEN,0
652964.452,0,0,0,1.000,1.000,1.000,-90.00,180.00,-22.50,OPEN,0
652964.461,0,0,0,1.000,1.000,1.000,-90.00,180.00,-22.50,OPEN,0
652964.469,0,0,0,1.000,1.000,1.000,-90.00,180.00,-22.50,OPEN,0
652964.479,0,0,0,1.000,1.000,1.000,-90.00,180.00,-22.50,OPEN,0
652964.488,0,0,0,1.000,1.000,1.000,-90.00,180.00,-22.50,OPEN,0
652964.552,0,0,0,1.000,1.000,1.000,-90.00,180.00,-22.50,OPEN,0
652964.562,0,0,0,1.000,1.000,1.000,-90.00,180.00,-22.50,OPEN,0
652964.587,0,0,0,1.000,1.000,1.000,-90.00,180.00,-22.50,OPEN,0
652964.597,0,0,0,1.000,1.000,1.000,-90.00,180.00,-22.50,OPEN,0
652964.607,0,0,0,1.000,1.000,1.000,-90.00,180.00,-22.50,OPEN,0
652964.616,0,0,0,1.000,1.000,1.000,-90.00,180.00,-22.50,OPEN,0
652964.624,0,0,0,1.000,1.000,1.000,-90.00,180.00,-22.50,OPEN,0
652964.633,0,0,0,1.000,1.000,1.000,-90.00,180.00,-22.50,OPEN,0
652964.642,0,0,0,1.000,1.000,1.000,-90.00,180.00,-22.50,OPEN,0
652964.651,0,0,0,1.000,1.000,1.000,-90.00,180.00,-22.50,OPEN,0
652964.659,0,0,0,1.000,1.000,1.000,-90.00,180.00,-22.50,OPEN,0
652964.671,0,0,0,1.000,1.000,1.000,-90.00,180.00,-22.50,OPEN,0
652964.684,0,0,0,1.000,1.000,1.000,-90.00,180.00,-22.50,OPEN,0
652964.698,0,0,0,1.000,1.000,1.000,-90.00,180.00,-22.50,OPEN,0
652964.711,0,0,0,1.000,1.000,1.000,-90.00,180.00,-22.50,OPEN,0
652964.723,0,0,0,1.000,1.000,1.000,-90.00,180.00,-22.50,OPEN,0
652964.733,0,0,0,1.000,1.000,1.000,-90.00,180.00,-22.50,OPEN,0
652964.742,0,0,0,1.000,1.000,1.000,-90.00,180.00,-22.50,OPEN,0
652964.751,0,0,0,1.000,1.000,1.000,-90.00,180.00,-22.50,OPEN,0
652964.759,0,0,0,1.000,1.000,1.000,-90.00,180.00,-22.50,OPEN,0
652964.768,0,0,0,1.000,1.000,1.000,-90.00,180.00,-22.50,OPEN,0
652964.777,0,0,0,1.000,1.000,1.000,-90.00,180.00,-22.50,OPEN,0
652964.785,0,0,0,1.000,1.000,1.000,-90.00,180.00,-22.50,OPEN,0
652964.794,0,0,0,1.000,1.000,1.000,-90.00,180.00,-22.50,OPEN,0
652964.802,0,0,0,1.000,1.000,1.000,-90.00,180.00,-22.50,OPEN,0
652964.811,0,0,0,1.000,1.000,1.000,-90.00,180.00,-22.50,OPEN,0
652964.819,0,0,0,1.000,1.000,1.000,-90.00,180.00,-22.50,OPEN,0
652964.828,0,0,0,1.000,1.000,1.000,-90.00,180.00,-22.50,OPEN,0
652964.837,0,0,0,1.000,1.000,1.000,-90.00,180.00,-22.50,OPEN,0
652964.846,0,0,0,1.000,1.000,1.000,-90.00,180.00,-22.50,OPEN,0
652964.859,0,0,0,1.000,1.000,1.000,-90.00,180.00,-22.50,OPEN,0
652964.870,0,0,0,1.000,1.000,1.000,-90.00,180.00,-22.50,OPEN,0
652964.878,0,0,0,1.000,1.000,1.000,-90.00,180.00,-22.50,OPEN,0
652964.886,0,0,0,1.000,1.000,1.000,-90.00,180.00,-22.50,OPEN,0
652964.895,0,0,0,1.000,1.000,1.000,-90.00,180.00,-22.50,OPEN,0
652964.903,0,0,0,1.000,1.000,1.000,-90.00,180.00,-22.50,OPEN,0
652964.911,0,0,0,1.000,1.000,1.000,-90.00,180.00,-22.50,OPEN,0
652964.920,0,0,0,1.000,1.000,1.000,-90.00,180.00,-22.50,OPEN,0
652964.929,0,0,0,1.000,1.000,1.000,-90.00,180.00,-22.50,OPEN,0
652964.943,0,0,0,1.000,1.000,1.000,-90.00,180.00,-22.50,OPEN,0
652964.952,0,0,0,1.000,1.000,1.000,-90.00,180.00,-22.50,OPEN,0
652964.962,0,0,0,1.000,1.000,1.000,-90.00,180.00,-22.50,OPEN,0
652964.971,0,0,0,1.000,1.000,1.000,-90.00,180.00,-22.50,OPEN,0
652964.980,0,0,0,1.000,1.000,1.000,-90.00,180.00,-22.50,OPEN,0
652964.988,0,0,0,1.000,1.000,1.000,-90.00,180.00,-22.50,OPEN,0
652964.998,0,0,0,1.000,1.000,1.000,-90.00,180.00,-22.50,OPEN,0
652965.007,0,0,0,1.000,1.000,1.000,-90.00,180.00,-22.50,OPEN,0
652965.016,0,0,0,1.000,1.000,1.000,-90.00,180.00,-22.50,OPEN,0
652965.024,0,0,0,1.000,1.000,1.000,-90.00,180.00,-22.50,OPEN,0
652965.034,0,0,0,1.000,1.000,1.000,-90.00,180.00,-22.50,OPEN,0
652965.043,0,0,0,1.000,1.000,1.000,-90.00,180.00,-22.50,OPEN,0
652965.051,0,0,0,1.000,1.000,1.000,-90.00,180.00,-22.50,OPEN,0
652965.060,0,0,0,1.000,1.000,1.000,-90.00,180.00,-22.50,OPEN,0
652965.069,0,0,0,1.000,1.000,1.000,-90.00,180.00,-22.50,OPEN,0
652965.077,0,0,0,1.000,1.000,1.000,-90.00,180.00,-22.50,OPEN,0
652965.087,0,0,0,1.000,1.000,1.000,-90.00,180.00,-22.50,OPEN,0
652965.095,0,0,0,1.000,1.000,1.000,-90.00,180.00,-22.50,OPEN,0
652965.104,0,0,0,1.000,1.000,1.000,-90.00,180.00,-22.50,OPEN,0
652965.114,0,0,0,1.000,1.000,1.000,-90.00,180.00,-22.50,OPEN,0
652965.122,0,0,0,1.000,1.000,1.000,-90.00,180.00,-22.50,OPEN,0
652965.136,0,0,0,1.000,1.000,1.000,-90.00,180.00,-22.50,OPEN,0
652965.148,0,0,0,1.000,1.000,1.000,-90.00,180.00,-22.50,OPEN,0
652965.159,0,0,0,1.000,1.000,1.000,-90.00,180.00,-22.50,OPEN,0
652965.168,0,0,0,1.000,1.000,1.000,-90.00,180.00,-22.50,OPEN,0
652965.177,0,0,0,1.000,1.000,1.000,-90.00,180.00,-22.50,OPEN,0
652965.185,0,0,0,1.000,1.000,1.000,-90.00,180.00,-22.50,OPEN,0
652965.195,0,0,0,1.000,1.000,1.000,-90.00,180.00,-22.50,OPEN,0
652965.203,0,0,0,1.000,1.000,1.000,-90.00,180.00,-22.50,OPEN,0
652965.212,0,0,0,1.000,1.000,1.000,-90.00,180.00,-22.50,OPEN,0
652965.221,0,0,0,1.000,1.000,1.000,-90.00,180.00,-22.50,OPEN,0
652965.231,0,0,0,1.000,1.000,1.000,-90.00,180.00,-22.50,OPEN,0
652965.240,0,0,0,1.000,1.000,1.000,-90.00,180.00,-22.50,OPEN,0
652965.248,0,0,0,1.000,1.000,1.000,-90.00,180.00,-22.50,OPEN,0
652965.259,0,0,0,1.000,1.000,1.000,-90.00,180.00,-22.50,OPEN,0
652965.267,0,0,0,1.000,1.000,1.000,-90.00,180.00,-22.50,OPEN,0
652965.277,0,0,0,1.000,1.000,1.000,-90.00,180.00,-22.50,OPEN,0
652965.288,0,0,0,1.000,1.000,1.000,-90.00,180.00,-22.50,OPEN,0
652965.297,0,0,0,1.000,1.000,1.000,-90.00,180.00,-22.50,OPEN,0
652965.307,0,0,0,1.000,1.000,1.000,-90.00,180.00,-22.50,OPEN,0
652965.315,0,0,0,1.000,1.000,1.000,-90.00,180.00,-22.50,OPEN,0
652965.324,0,0,0,1.000,1.000,1.000,-90.00,180.00,-22.50,OPEN,0
652965.333,0,0,0,1.000,1.000,1.000,-90.00,180.00,-22.50,OPEN,0
652965.344,0,0,0,1.000,1.000,1.000,-90.00,180.00,-22.50,OPEN,0
652965.357,0,0,0,1.000,1.000,1.000,-90.00,180.00,-22.50,OPEN,0
652965.369,0,0,0,1.000,1.000,1.000,-90.00,180.00,-22.50,OPEN,0
652965.379,0,0,0,1.000,1.000,1.000,-90.00,180.00,-22.50,OPEN,0
652965.389,0,0,0,1.000,1.000,1.000,-90.00,180.00,-22.50,OPEN,0
652965.399,0,0,0,1.000,1.000,1.000,-90.00,180.00,-22.50,OPEN,0
652965.409,0,0,0,1.000,1.000,1.000,-90.00,180.00,-22.50,OPEN,0
652965.418,0,0,0,1.000,1.000,1.000,-90.00,180.00,-22.50,OPEN,0
652965.426,0,0,0,1.000,1.000,1.000,-90.00,180.00,-22.50,OPEN,0
652965.435,0,0,0,0.998,1.000,1.000,-90.00,180.00,-22.50,OPEN,0
652965.444,0,0,0,0.993,0.998,1.000,-90.00,180.00,-22.50,OPEN,0
652965.453,0,0,0,0.980,0.978,1.000,-90.00,180.00,-22.50,OPEN,0
652965.461,0,0,0,0.972,0.957,1.000,-90.00,180.00,-22.50,OPEN,0
652965.469,0,0,0,0.958,1.000,1.000,-90.00,180.00,-22.50,OPEN,0
652965.477,0,0,0,0.881,1.000,1.000,-90.00,180.00,-22.50,OPEN,0
652965.486,0,0,0,0.600,1.000,1.000,-90.00,180.00,-22.50,OPEN,0
652965.495,0,0,0,0.496,1.000,1.000,-90.00,180.00,-22.50,OPEN,0
652965.504,0,0,0,0.629,1.000,1.000,-90.00,180.00,-22.50,OPEN,0
652965.513,0,0,0,0.832,1.000,1.000,-90.00,180.00,-22.50,OPEN,0
652965.522,0,0,0,0.889,1.000,1.000,-90.00,180.00,-22.50,OPEN,0
652965.530,0,1,0,0.903,1.000,1.000,-90.00,90.00,-22.50,OPEN,1
652965.538,0,1,0,0.939,1.000,1.000,-90.00,90.00,-22.50,OPEN,0
652965.548,0,1,0,0.955,1.000,1.000,-90.00,90.00,-22.50,OPEN,0
652965.559,0,1,0,0.949,1.000,1.000,-90.00,90.00,-22.50,OPEN,0
652965.572,2,1,0,0.898,1.000,1.000,-90.00,90.00,-27.00,OPEN,0
652965.583,2,1,0,0.730,1.000,1.000,-90.00,90.00,-27.00,OPEN,0
652965.593,2,1,0,0.525,1.000,1.000,-90.00,90.00,-27.00,OPEN,0
652965.602,2,1,0,0.780,1.000,1.000,-90.00,90.00,-27.00,OPEN,0
652965.612,2,1,0,0.922,1.000,1.000,-90.00,90.00,-27.00,OPEN,0
652965.621,2,1,0,0.972,1.000,1.000,-90.00,90.00,-27.00,OPEN,0
652965.629,2,1,0,0.987,1.000,1.000,-90.00,90.00,-27.00,OPEN,0
652965.638,2,1,0,0.993,1.000,1.000,-90.00,90.00,-27.00,OPEN,1
652965.646,2,1,0,0.996,1.000,1.000,-90.00,90.00,-27.00,OPEN,0
652965.655,2,1,0,0.997,1.000,1.000,-90.00,90.00,-27.00,OPEN,0
652965.663,0,1,0,0.998,1.000,1.000,-90.00,90.00,-27.00,OPEN,0
652965.672,0,1,0,0.998,1.000,1.000,-90.00,90.00,-27.00,OPEN,0
652965.680,0,1,0,0.998,1.000,1.000,-90.00,90.00,-27.00,OPEN,0
652965.688,0,1,0,0.998,1.000,1.000,-90.00,90.00,-27.00,OPEN,0
652965.698,0,1,0,1.000,1.000,1.000,-90.00,90.00,-27.00,OPEN,0
652965.707,0,1,0,1.000,1.000,1.000,-90.00,90.00,-27.00,OPEN,0
652965.716,0,1,0,1.000,1.000,1.000,-90.00,90.00,-27.00,OPEN,0
652965.726,0,1,0,1.000,1.000,1.000,-90.00,90.00,-27.00,OPEN,0
652965.734,0,1,0,1.000,1.000,1.000,-90.00,90.00,-27.00,OPEN,0
652965.744,0,1,0,1.000,1.000,1.000,-90.00,90.00,-27.00,OPEN,0
652965.753,0,1,0,1.000,1.000,1.000,-90.00,90.00,-27.00,OPEN,0
652965.762,0,1,0,1.000,1.000,1.000,-90.00,90.00,-27.00,OPEN,0
652965.772,0,1,0,1.000,1.000,1.000,-90.00,90.00,-27.00,OPEN,0
652965.782,0,1,0,1.000,1.000,1.000,-90.00,90.00,-27.00,OPEN,0
652965.795,0,1,0,1.000,1.000,1.000,-90.00,90.00,-27.00,OPEN,0
652965.804,0,1,0,1.000,1.000,1.000,-90.00,90.00,-27.00,OPEN,0
652965.814,0,1,0,1.000,1.000,1.000,-90.00,90.00,-27.00,OPEN,0
652965.824,0,1,0,1.000,1.000,1.000,-90.00,90.00,-27.00,OPEN,0
652965.832,0,1,0,1.000,1.000,1.000,-90.00,90.00,-27.00,OPEN,0
652965.842,0,1,0,1.000,1.000,1.000,-90.00,90.00,-27.00,OPEN,0
652965.852,0,1,0,1.000,1.000,1.000,-90.00,90.00,-27.00,OPEN,0
652965.860,0,1,0,1.000,1.000,1.000,-90.00,90.00,-27.00,OPEN,0
652965.869,0,1,0,1.000,1.000,1.000,-90.00,90.00,-27.00,OPEN,0
652965.879,0,1,0,1.000,1.000,1.000,-90.00,90.00,-27.00,OPEN,0
652965.889,0,1,0,1.000,1.000,1.000,-90.00,90.00,-27.00,OPEN,0
652965.898,0,1,0,1.000,1.000,1.000,-90.00,90.00,-27.00,OPEN,0
652965.906,0,1,0,1.000,1.000,1.000,-90.00,90.00,-27.00,OPEN,0
652965.914,0,1,0,1.000,1.000,1.000,-90.00,90.00,-27.00,OPEN,0
652965.923,0,1,0,1.000,1.000,1.000,-90.00,90.00,-27.00,OPEN,0
652965.931,0,1,0,1.000,1.000,1.000,-90.00,90.00,-27.00,OPEN,0
652965.940,0,1,0,1.000,1.000,1.000,-90.00,90.00,-27.00,OPEN,0
652965.949,0,1,0,1.000,1.000,1.000,-90.00,90.00,-27.00,OPEN,0
652965.961,0,1,0,1.000,1.000,1.000,-90.00,90.00,-27.00,OPEN,0
652965.970,0,1,0,1.000,1.000,1.000,-90.00,90.00,-27.00,OPEN,0
652965.979,0,1,0,1.000,1.000,1.000,-90.00,90.00,-27.00,OPEN,0
652965.989,0,1,0,1.000,1.000,1.000,-90.00,90.00,-27.00,OPEN,0
652965.997,0,1,0,1.000,1.000,1.000,-90.00,90.00,-27.00,OPEN,0
652966.006,0,1,0,1.000,1.000,1.000,-90.00,90.00,-27.00,OPEN,0
652966.015,0,1,0,1.000,1.000,1.000,-90.00,90.00,-27.00,OPEN,0
652966.024,0,1,0,1.000,1.000,1.000,-90.00,90.00,-27.00,OPEN,0
652966.032,0,1,0,1.000,1.000,1.000,-90.00,90.00,-27.00,OPEN,0
652966.041,0,1,0,1.000,1.000,1.000,-90.00,90.00,-27.00,OPEN,0
652966.049,0,1,0,1.000,1.000,1.000,-90.00,90.00,-27.00,OPEN,0
652966.057,0,1,0,1.000,1.000,1.000,-90.00,90.00,-27.00,OPEN,0
652966.066,0,1,0,1.000,1.000,1.000,-90.00,90.00,-27.00,OPEN,0
652966.075,0,1,0,1.000,1.000,1.000,-90.00,90.00,-27.00,OPEN,0
652966.085,0,1,0,1.000,1.000,1.000,-90.00,90.00,-27.00,OPEN,0
652966.094,0,1,0,1.000,1.000,1.000,-90.00,90.00,-27.00,OPEN,0
652966.102,0,1,0,1.000,1.000,1.000,-90.00,90.00,-27.00,OPEN,0
652966.111,0,1,0,1.000,1.000,1.000,-90.00,90.00,-27.00,OPEN,0
652966.121,0,1,0,1.000,1.000,1.000,-90.00,90.00,-27.00,OPEN,0
652966.129,0,1,0,1.000,1.000,1.000,-90.00,90.00,-27.00,OPEN,0
652966.138,0,1,0,1.000,1.000,1.000,-90.00,90.00,-27.00,OPEN,0
652966.146,0,1,0,1.000,1.000,1.000,-90.00,90.00,-27.00,OPEN,0
652966.155,0,1,0,1.000,1.000,1.000,-90.00,90.00,-27.00,OPEN,0
652966.164,0,1,0,1.000,1.000,1.000,-90.00,90.00,-27.00,OPEN,0
652966.174,0,1,0,1.000,1.000,1.000,-90.00,90.00,-27.00,OPEN,0
652966.186,0,1,0,1.000,1.000,1.000,-90.00,90.00,-27.00,OPEN,0
652966.195,0,1,0,1.000,1.000,1.000,-90.00,90.00,-27.00,OPEN,0
652966.204,0,1,0,1.000,1.000,1.000,-90.00,90.00,-27.00,OPEN,0
652966.212,0,1,0,1.000,1.000,1.000,-90.00,90.00,-27.00,OPEN,0
652966.222,0,1,0,1.000,1.000,1.000,-90.00,90.00,-27.00,OPEN,0
652966.231,0,1,0,1.000,1.000,1.000,-90.00,90.00,-27.00,OPEN,0
652966.239,0,1,0,1.000,1.000,1.000,-90.00,90.00,-27.00,OPEN,0
652966.248,0,1,0,1.000,1.000,1.000,-90.00,90.00,-27.00,OPEN,0
652966.259,0,1,0,1.000,1.000,1.000,-90.00,90.00,-27.00,OPEN,0
652966.268,0,1,0,1.000,1.000,1.000,-90.00,90.00,-27.00,OPEN,0
652966.287,0,1,0,1.000,1.000,1.000,-90.00,90.00,-27.00,OPEN,0
652966.299,0,1,0,1.000,1.000,1.000,-90.00,90.00,-27.00,OPEN,0
652966.308,0,1,0,1.000,1.000,1.000,-90.00,90.00,-27.00,OPEN,0
652966.317,0,1,0,1.000,1.000,1.000,-90.00,90.00,-27.00,OPEN,0
652966.325,0,1,0,1.000,1.000,1.000,-90.00,90.00,-27.00,OPEN,0
652966.334,0,1,0,1.000,1.000,1.000,-90.00,90.00,-27.00,OPEN,0
652966.343,0,1,0,1.000,1.000,1.000,-90.00,90.00,-27.00,OPEN,0
652966.351,0,1,0,1.000,1.000,1.000,-90.00,90.00,-27.00,OPEN,0
652966.359,0,1,0,1.000,1.000,1.000,-90.00,90.00,-27.00,OPEN,0
652966.368,0,1,0,1.000,1.000,1.000,-90.00,90.00,-27.00,OPEN,0
652966.376,0,1,0,1.000,1.000,1.000,-90.00,90.00,-27.00,OPEN,0
652966.384,0,1,0,1.000,1.000,1.000,-90.00,90.00,-27.00,OPEN,0
652966.393,0,1,0,1.000,1.000,1.000,-90.00,90.00,-27.00,OPEN,0
652966.405,0,1,0,1.000,1.000,1.000,-90.00,90.00,-27.00,OPEN,0
652966.413,0,1,0,1.000,1.000,1.000,-90.00,90.00,-27.00,OPEN,0
652966.423,0,1,0,1.000,1.000,1.000,-90.00,90.00,-27.00,OPEN,0
652966.432,0,1,0,1.000,1.000,1.000,-90.00,90.00,-27.00,OPEN,0
652966.441,0,1,0,1.000,1.000,1.000,-90.00,90.00,-27.00,OPEN,0
652966.450,0,1,0,1.000,1.000,1.000,-90.00,90.00,-27.00,OPEN,0
652966.459,0,1,0,1.000,1.000,1.000,-90.00,90.00,-27.00,OPEN,0
652966.468,0,1,0,1.000,1.000,1.000,-90.00,90.00,-27.00,OPEN,0
652966.477,0,1,0,1.000,1.000,1.000,-90.00,90.00,-27.00,OPEN,0
652966.488,0,1,0,1.000,1.000,1.000,-90.00,90.00,-27.00,OPEN,0
652966.498,0,1,0,1.000,1.000,1.000,-90.00,90.00,-27.00,OPEN,0
652966.512,0,1,0,1.000,1.000,1.000,-90.00,90.00,-27.00,OPEN,0
652966.522,0,1,0,1.000,1.000,1.000,-90.00,90.00,-27.00,OPEN,0
652966.531,0,1,0,1.000,1.000,1.000,-90.00,90.00,-27.00,OPEN,0
652966.540,0,1,0,1.000,0.993,1.000,-90.00,90.00,-27.00,OPEN,0
652966.549,0,1,0,1.000,0.947,1.000,-90.00,90.00,-27.00,OPEN,0
652966.558,0,1,0,1.000,0.842,1.000,-90.00,90.00,-27.00,OPEN,0
652966.566,0,1,0,1.000,0.684,1.000,-90.00,90.00,-27.00,OPEN,0
652966.575,0,1,0,1.000,0.748,1.000,-90.00,90.00,-27.00,OPEN,0
652966.587,0,1,0,1.000,0.994,1.000,-90.00,90.00,-27.00,OPEN,0
652966.596,0,1,0,1.000,1.000,1.000,-90.00,90.00,-27.00,OPEN,0
652966.604,0,1,0,1.000,1.000,1.000,-90.00,90.00,-27.00,OPEN,0
652966.613,0,1,0,1.000,1.000,1.000,-90.00,90.00,-27.00,OPEN,0
652966.622,0,1,0,1.000,1.000,1.000,-90.00,90.00,-27.00,OPEN,0
652966.630,0,1,0,1.000,1.000,1.000,-90.00,90.00,-27.00,OPEN,0
652966.639,0,1,0,1.000,1.000,1.000,-90.00,90.00,-27.00,OPEN,0
652966.649,0,0,0,1.000,1.000,1.000,-90.00,180.00,-27.00,OPEN,1
652966.658,0,0,0,1.000,1.000,1.000,-90.00,180.00,-27.00,OPEN,0
652966.667,0,0,0,1.000,1.000,1.000,-90.00,180.00,-27.00,OPEN,0
652966.675,0,0,0,1.000,1.000,1.000,-90.00,180.00,-27.00,OPEN,0
652966.684,0,0,0,1.000,1.000,1.000,-90.00,180.00,-27.00,OPEN,0
652966.693,0,0,0,1.000,1.000,1.000,-90.00,180.00,-27.00,OPEN,0
652966.702,0,0,0,1.000,1.000,1.000,-90.00,180.00,-27.00,OPEN,0
652966.710,0,0,0,1.000,1.000,1.000,-90.00,180.00,-27.00,OPEN,0
652966.720,0,0,0,1.000,1.000,1.000,-90.00,180.00,-27.00,OPEN,0
652966.729,0,0,0,1.000,1.000,1.000,-90.00,180.00,-27.00,OPEN,0
652966.737,0,0,0,1.000,1.000,1.000,-90.00,180.00,-27.00,OPEN,0
652966.747,0,0,0,1.000,1.000,1.000,-90.00,180.00,-27.00,OPEN,0
652966.756,0,0,0,1.000,1.000,1.000,-90.00,180.00,-27.00,OPEN,0
652966.765,0,0,0,1.000,1.000,1.000,-90.00,180.00,-27.00,OPEN,0
652966.773,0,0,0,1.000,1.000,1.000,-90.00,180.00,-27.00,OPEN,0
652966.781,0,0,0,1.000,1.000,1.000,-90.00,180.00,-27.00,OPEN,0
652966.791,0,0,0,1.000,1.000,1.000,-90.00,180.00,-27.00,OPEN,0
652966.799,0,0,0,1.000,1.000,1.000,-90.00,180.00,-27.00,OPEN,0
652966.807,0,0,0,1.000,1.000,1.000,-90.00,180.00,-27.00,OPEN,0
652966.816,0,0,0,1.000,1.000,1.000,-90.00,180.00,-27.00,OPEN,0
652966.824,0,0,0,1.000,1.000,1.000,-90.00,180.00,-27.00,OPEN,0
652966.832,0,0,0,1.000,1.000,1.000,-90.00,180.00,-27.00,OPEN,0
652966.840,0,0,0,1.000,1.000,1.000,-90.00,180.00,-27.00,OPEN,0
652966.849,0,0,0,1.000,1.000,1.000,-90.00,180.00,-27.00,OPEN,0
652966.859,0,0,0,1.000,1.000,1.000,-90.00,180.00,-27.00,OPEN,0
652966.867,0,0,0,1.000,1.000,1.000,-90.00,180.00,-27.00,OPEN,0
652966.876,0,0,0,1.000,1.000,1.000,-90.00,180.00,-27.00,OPEN,0
652966.884,0,0,0,1.000,1.000,1.000,-90.00,180.00,-27.00,OPEN,0
652966.893,0,0,0,1.000,1.000,1.000,-90.00,180.00,-27.00,OPEN,0
652966.902,0,0,0,1.000,1.000,1.000,-90.00,180.00,-27.00,OPEN,0
652966.910,0,0,0,1.000,1.000,1.000,-90.00,180.00,-27.00,OPEN,0
652966.918,0,0,0,1.000,1.000,1.000,-90.00,180.00,-27.00,OPEN,0
652966.926,0,0,0,1.000,1.000,1.000,-90.00,180.00,-27.00,OPEN,0
652966.934,0,0,0,1.000,1.000,1.000,-90.00,180.00,-27.00,OPEN,0
652966.943,0,0,0,1.000,1.000,1.000,-90.00,180.00,-27.00,OPEN,0
652966.953,0,0,0,1.000,1.000,1.000,-90.00,180.00,-27.00,OPEN,0
652966.962,0,0,0,1.000,1.000,1.000,-90.00,180.00,-27.00,OPEN,0
652966.970,0,0,0,1.000,1.000,1.000,-90.00,180.00,-27.00,OPEN,0
652966.979,0,0,0,1.000,1.000,1.000,-90.00,180.00,-27.00,OPEN,0
652966.987,0,0,0,1.000,1.000,1.000,-90.00,180.00,-27.00,OPEN,0
652966.995,0,0,0,1.000,1.000,1.000,-90.00,180.00,-27.00,OPEN,0
652967.004,0,0,0,1.000,1.000,1.000,-90.00,180.00,-27.00,OPEN,0
652967.013,0,0,0,1.000,1.000,1.000,-90.00,180.00,-27.00,OPEN,0
652967.024,0,0,0,1.000,1.000,1.000,-90.00,180.00,-27.00,OPEN,0
652967.032,0,0,0,1.000,1.000,1.000,-90.00,180.00,-27.00,OPEN,0
652967.041,0,0,0,1.000,1.000,1.000,-90.00,180.00,-27.00,OPEN,0
652967.049,0,0,0,1.000,1.000,1.000,-90.00,180.00,-27.00,OPEN,0
652967.057,0,0,0,1.000,1.000,1.000,-90.00,180.00,-27.00,OPEN,0
652967.066,0,0,0,1.000,1.000,1.000,-90.00,180.00,-27.00,OPEN,0
652967.075,0,0,0,1.000,1.000,1.000,-90.00,180.00,-27.00,OPEN,0
652967.084,0,0,0,1.000,1.000,1.000,-90.00,180.00,-27.00,OPEN,0
652967.093,0,0,0,1.000,1.000,1.000,-90.00,180.00,-27.00,OPEN,0
652967.102,0,0,0,1.000,1.000,1.000,-90.00,180.00,-27.00,OPEN,0
652967.110,0,0,0,1.000,1.000,1.000,-90.00,180.00,-27.00,OPEN,0
652967.120,0,0,0,1.000,1.000,1.000,-90.00,180.00,-27.00,OPEN,0
652967.129,0,0,0,1.000,1.000,1.000,-90.00,180.00,-27.00,OPEN,0
652967.138,0,0,0,1.000,1.000,1.000,-90.00,180.00,-27.00,OPEN,0
652967.147,0,0,0,1.000,1.000,1.000,-90.00,180.00,-27.00,OPEN,0
652967.157,0,0,0,1.000,1.000,1.000,-90.00,180.00,-27.00,OPEN,0
652967.167,0,0,0,1.000,1.000,1.000,-90.00,180.00,-27.00,OPEN,0
652967.177,0,0,0,1.000,1.000,1.000,-90.00,180.00,-27.00,OPEN,0
652967.185,0,0,0,1.000,1.000,1.000,-90.00,180.00,-27.00,OPEN,0
652967.194,0,0,0,1.000,1.000,1.000,-90.00,180.00,-27.00,OPEN,0
652967.203,0,0,0,1.000,1.000,1.000,-90.00,180.00,-27.00,OPEN,0
652967.211,0,0,0,1.000,1.000,1.000,-90.00,180.00,-27.00,OPEN,0
652967.220,0,0,0,1.000,1.000,1.000,-90.00,180.00,-27.00,OPEN,0
652967.228,0,0,0,1.000,1.000,1.000,-90.00,180.00,-27.00,OPEN,0
652967.236,0,0,0,1.000,1.000,1.000,-90.00,180.00,-27.00,OPEN,0
652967.245,0,0,0,1.000,1.000,1.000,-90.00,180.00,-27.00,OPEN,0
652967.253,0,0,0,1.000,1.000,1.000,-90.00,180.00,-27.00,OPEN,0
652967.262,0,0,0,1.000,1.000,1.000,-90.00,180.00,-27.00,OPEN,0
652967.270,0,0,0,1.000,1.000,1.000,-90.00,180.00,-27.00,OPEN,0
652967.280,0,0,0,1.000,1.000,1.000,-90.00,180.00,-27.00,OPEN,0
652967.290,0,0,0,1.000,1.000,1.000,-90.00,180.00,-27.00,OPEN,0
652967.299,0,0,0,1.000,1.000,1.000,-90.00,180.00,-27.00,OPEN,0
652967.308,0,0,0,1.000,1.000,1.000,-90.00,180.00,-27.00,OPEN,0
652967.316,0,0,0,1.000,1.000,1.000,-90.00,180.00,-27.00,OPEN,0
652967.325,0,0,0,1.000,1.000,1.000,-90.00,180.00,-27.00,OPEN,0
652967.333,0,0,0,1.000,1.000,1.000,-90.00,180.00,-27.00,OPEN,0
652967.342,0,0,0,1.000,1.000,1.000,-90.00,180.00,-27.00,OPEN,0
652967.351,0,0,0,1.000,1.000,1.000,-90.00,180.00,-27.00,OPEN,0
652967.359,0,0,0,1.000,1.000,1.000,-90.00,180.00,-27.00,OPEN,0
652967.367,0,0,0,1.000,1.000,1.000,-90.00,180.00,-27.00,OPEN,0
652967.375,0,0,0,1.000,1.000,1.000,-90.00,180.00,-27.00,OPEN,0
652967.384,0,0,0,1.000,1.000,1.000,-90.00,180.00,-27.00,OPEN,0
652967.393,0,0,0,1.000,1.000,1.000,-90.00,180.00,-27.00,OPEN,0
652967.403,0,0,0,1.000,1.000,1.000,-90.00,180.00,-27.00,OPEN,0
652967.413,0,0,0,1.000,1.000,1.000,-90.00,180.00,-27.00,OPEN,0
652967.422,0,0,0,1.000,1.000,1.000,-90.00,180.00,-27.00,OPEN,0
652967.430,0,0,0,1.000,1.000,1.000,-90.00,180.00,-27.00,OPEN,0
652967.438,0,0,0,1.000,1.000,1.000,-90.00,180.00,-27.00,OPEN,0
652967.446,0,0,0,1.000,1.000,1.000,-90.00,180.00,-27.00,OPEN,0
652967.455,0,0,0,1.000,1.000,1.000,-90.00,180.00,-27.00,OPEN,0
652967.463,0,0,0,1.000,1.000,1.000,-90.00,180.00,-27.00,OPEN,0
652967.473,0,0,0,1.000,1.000,1.000,-90.00,180.00,-27.00,OPEN,0
652967.481,0,0,0,1.000,1.000,1.000,-90.00,180.00,-27.00,OPEN,0
652967.489,0,0,0,1.000,1.000,1.000,-90.00,180.00,-27.00,OPEN,0
652967.500,0,0,0,1.000,1.000,1.000,-90.00,180.00,-27.00,OPEN,0
652967.509,0,0,0,1.000,1.000,1.000,-90.00,180.00,-27.00,OPEN,0
652967.517,0,0,0,1.000,1.000,1.000,-90.00,180.00,-27.00,OPEN,0
652967.526,0,0,0,1.000,1.000,1.000,-90.00,180.00,-27.00,OPEN,0
652967.535,0,0,0,1.000,1.000,1.000,-90.00,180.00,-27.00,OPEN,0
652967.544,0,0,0,1.000,1.000,1.000,-90.00,180.00,-27.00,OPEN,0
652967.554,0,0,0,1.000,1.000,1.000,-90.00,180.00,-27.00,OPEN,0
652967.562,0,0,0,1.000,1.000,1.000,-90.00,180.00,-27.00,OPEN,0
652967.570,0,0,0,1.000,1.000,1.000,-90.00,180.00,-27.00,OPEN,0
652967.579,0,0,0,1.000,1.000,1.000,-90.00,180.00,-27.00,OPEN,0
652967.588,0,0,0,1.000,1.000,1.000,-90.00,180.00,-27.00,OPEN,0
652967.598,0,0,0,1.000,1.000,1.000,-90.00,180.00,-27.00,OPEN,0
652967.609,0,0,0,1.000,1.000,1.000,-90.00,180.00,-27.00,OPEN,0
652967.618,0,0,0,1.000,1.000,1.000,-90.00,180.00,-27.00,OPEN,0
652967.626,0,0,0,1.000,1.000,1.000,-90.00,180.00,-27.00,OPEN,0
652967.636,0,0,0,1.000,1.000,1.000,-90.00,180.00,-27.00,OPEN,0
652967.645,0,0,0,1.000,1.000,1.000,-90.00,180.00,-27.00,OPEN,0
652967.654,0,0,0,1.000,1.000,1.000,-90.00,180.00,-27.00,OPEN,0
652967.663,0,0,0,1.000,1.000,1.000,-90.00,180.00,-27.00,OPEN,0
652967.672,0,0,0,1.000,1.000,1.000,-90.00,180.00,-27.00,OPEN,0
652967.681,0,0,0,1.000,1.000,1.000,-90.00,180.00,-27.00,OPEN,0
652967.690,0,0,0,1.000,1.000,1.000,-90.00,180.00,-27.00,OPEN,0
652967.702,0,0,0,1.000,1.000,1.000,-90.00,180.00,-27.00,OPEN,0
652967.712,0,0,0,1.000,1.000,1.000,-90.00,180.00,-27.00,OPEN,0
652967.721,0,0,0,1.000,1.000,1.000,-90.00,180.00,-27.00,OPEN,0
652967.730,0,0,0,1.000,1.000,1.000,-90.00,180.00,-27.00,OPEN,0
652967.739,0,0,0,1.000,1.000,1.000,-90.00,180.00,-27.00,OPEN,0
652967.749,0,0,0,1.000,1.000,1.000,-90.00,180.00,-27.00,OPEN,0
652967.757,0,0,0,1.000,1.000,1.000,-90.00,180.00,-27.00,OPEN,0
652967.765,0,0,0,1.000,1.000,1.000,-90.00,180.00,-27.00,OPEN,0
652967.774,0,0,0,1.000,1.000,1.000,-90.00,180.00,-27.00,OPEN,0
652967.782,0,0,0,1.000,1.000,1.000,-90.00,180.00,-27.00,OPEN,0
652967.792,0,0,0,1.000,1.000,1.000,-90.00,180.00,-27.00,OPEN,0
652967.800,0,0,0,1.000,1.000,1.000,-90.00,180.00,-27.00,OPEN,0
652967.808,0,0,0,1.000,1.000,1.000,-90.00,180.00,-27.00,OPEN,0
652967.817,0,0,0,1.000,1.000,1.000,-90.00,180.00,-27.00,OPEN,0
652967.825,0,0,0,1.000,1.000,1.000,-90.00,180.00,-27.00,OPEN,0
652967.834,0,0,0,1.000,1.000,1.000,-90.00,180.00,-27.00,OPEN,0
652967.843,0,0,0,1.000,1.000,1.000,-90.00,180.00,-27.00,OPEN,0
652967.851,0,0,0,1.000,1.000,1.000,-90.00,180.00,-27.00,OPEN,0
652967.861,0,0,0,1.000,1.000,1.000,-90.00,180.00,-27.00,OPEN,0
652967.870,0,0,0,1.000,1.000,1.000,-90.00,180.00,-27.00,OPEN,0
652967.878,0,0,0,1.000,1.000,1.000,-90.00,180.00,-27.00,OPEN,0
652967.887,0,0,0,1.000,1.000,1.000,-90.00,180.00,-27.00,OPEN,0
652967.896,0,0,0,1.000,1.000,1.000,-90.00,180.00,-27.00,OPEN,0
652967.904,0,0,0,1.000,1.000,0.999,-90.00,180.00,-27.00,OPEN,0
652967.912,0,0,0,0.999,1.000,0.990,-90.00,180.00,-27.00,OPEN,0
652967.921,0,0,0,0.999,1.000,0.947,-90.00,180.00,-27.00,OPEN,0
652967.930,0,0,0,1.000,0.997,0.840,-90.00,180.00,-27.00,OPEN,0
652967.939,0,0,0,1.000,0.948,0.678,-90.00,180.00,-27.00,OPEN,0
652967.947,0,0,0,1.000,0.754,0.528,-90.00,180.00,-27.00,OPEN,0
652967.955,0,0,0,1.000,0.996,0.731,-90.00,180.00,-27.00,OPEN,0
652967.964,0,0,0,0.999,1.000,0.896,-90.00,180.00,-27.00,OPEN,0
652967.974,0,0,0,0.992,1.000,0.980,-90.00,180.00,-27.00,OPEN,0
652967.982,0,0,0,0.981,1.000,0.996,-90.00,180.00,-27.00,OPEN,0
652967.991,0,0,0,0.999,1.000,0.999,-90.00,180.00,-27.00,OPEN,0
652968.000,0,0,0,1.000,1.000,1.000,-90.00,180.00,-27.00,OPEN,0
652968.009,0,0,0,1.000,1.000,1.000,-90.00,180.00,-27.00,OPEN,0
652968.018,0,1,1,1.000,1.000,1.000,0.00,90.00,-27.00,OPEN,1
652968.026,0,1,1,1.000,1.000,1.000,0.00,90.00,-27.00,OPEN,0
652968.035,0,1,1,1.000,1.000,1.000,0.00,90.00,-27.00,OPEN,0
652968.043,0,1,1,1.000,1.000,1.000,0.00,90.00,-27.00,OPEN,0
652968.052,0,1,1,1.000,1.000,1.000,0.00,90.00,-27.00,OPEN,0
652968.060,0,1,1,1.000,1.000,1.000,0.00,90.00,-27.00,OPEN,0
652968.069,0,1,1,1.000,1.000,1.000,0.00,90.00,-27.00,OPEN,0
652968.077,0,1,1,0.999,1.000,1.000,0.00,90.00,-27.00,OPEN,0
652968.085,0,1,1,0.995,1.000,1.000,0.00,90.00,-27.00,OPEN,0
652968.096,0,1,1,0.990,1.000,1.000,0.00,90.00,-27.00,OPEN,0
652968.104,0,1,1,1.000,0.969,1.000,0.00,90.00,-27.00,OPEN,0
652968.112,0,1,1,1.000,0.991,1.000,0.00,90.00,-27.00,OPEN,0
652968.122,0,1,1,1.000,1.000,1.000,0.00,90.00,-27.00,OPEN,0
652968.130,0,1,1,1.000,1.000,1.000,0.00,90.00,-27.00,OPEN,0
652968.139,0,1,1,1.000,1.000,1.000,0.00,90.00,-27.00,OPEN,0
652968.148,0,1,1,1.000,1.000,1.000,0.00,90.00,-27.00,OPEN,0
652968.156,0,1,1,1.000,1.000,1.000,0.00,90.00,-27.00,OPEN,0
652968.164,0,1,1,1.000,1.000,1.000,0.00,90.00,-27.00,OPEN,0
652968.173,0,0,1,1.000,1.000,1.000,0.00,180.00,-27.00,OPEN,1
652968.186,0,0,1,1.000,1.000,1.000,0.00,180.00,-27.00,OPEN,0
652968.197,0,0,1,1.000,1.000,1.000,0.00,180.00,-27.00,OPEN,0
652968.205,0,0,1,1.000,1.000,1.000,0.00,180.00,-27.00,OPEN,0
652968.215,0,0,1,1.000,1.000,1.000,0.00,180.00,-27.00,OPEN,0
652968.224,0,0,1,1.000,1.000,1.000,0.00,180.00,-27.00,OPEN,0
652968.233,0,0,1,1.000,1.000,1.000,0.00,180.00,-27.00,OPEN,0
652968.242,0,0,1,1.000,1.000,1.000,0.00,180.00,-27.00,OPEN,0
652968.250,0,0,1,1.000,1.000,1.000,0.00,180.00,-27.00,OPEN,0
652968.258,0,0,1,1.000,1.000,1.000,0.00,180.00,-27.00,OPEN,0
652968.267,0,0,1,1.000,1.000,1.000,0.00,180.00,-27.00,OPEN,0
652968.275,0,0,1,1.000,1.000,1.000,0.00,180.00,-27.00,OPEN,0
652968.283,0,0,1,1.000,0.999,1.000,0.00,180.00,-27.00,OPEN,0
652968.293,0,0,1,1.000,0.997,1.000,0.00,180.00,-27.00,OPEN,0
652968.302,0,0,1,1.000,0.996,1.000,0.00,180.00,-27.00,OPEN,0
652968.311,0,0,1,1.000,0.998,1.000,0.00,180.00,-27.00,OPEN,0
652968.322,0,0,1,1.000,0.999,1.000,0.00,180.00,-27.00,OPEN,0
652968.331,0,0,1,1.000,1.000,1.000,0.00,180.00,-27.00,OPEN,0
652968.340,0,0,1,1.000,1.000,1.000,0.00,180.00,-27.00,OPEN,0
652968.347,0,0,1,1.000,1.000,1.000,0.00,180.00,-27.00,OPEN,0
652968.357,0,0,1,1.000,1.000,1.000,0.00,180.00,-27.00,OPEN,0
652968.366,0,0,1,1.000,1.000,1.000,0.00,180.00,-27.00,OPEN,0
652968.375,0,0,1,1.000,1.000,1.000,0.00,180.00,-27.00,OPEN,0
652968.383,0,0,1,1.000,1.000,1.000,0.00,180.00,-27.00,OPEN,0
652968.392,0,0,1,1.000,1.000,1.000,0.00,180.00,-27.00,OPEN,0
652968.400,0,0,1,1.000,1.000,1.000,0.00,180.00,-27.00,OPEN,0
652968.409,0,0,1,1.000,1.000,1.000,0.00,180.00,-27.00,OPEN,0
652968.422,0,0,1,1.000,1.000,1.000,0.00,180.00,-27.00,OPEN,0
652968.431,0,0,1,1.000,1.000,1.000,0.00,180.00,-27.00,OPEN,0
652968.440,0,0,1,1.000,1.000,1.000,0.00,180.00,-27.00,OPEN,0
652968.449,0,0,1,1.000,1.000,1.000,0.00,180.00,-27.00,OPEN,0
652968.458,0,0,1,1.000,1.000,1.000,0.00,180.00,-27.00,OPEN,0
652968.467,0,0,1,1.000,1.000,1.000,0.00,180.00,-27.00,OPEN,0
652968.475,0,0,1,1.000,1.000,1.000,0.00,180.00,-27.00,OPEN,0
652968.483,0,0,1,1.000,1.000,1.000,0.00,180.00,-27.00,OPEN,0
652968.491,0,0,1,1.000,1.000,1.000,0.00,180.00,-27.00,OPEN,0
652968.499,0,0,1,1.000,1.000,1.000,0.00,180.00,-27.00,OPEN,0
652968.508,0,0,1,1.000,1.000,1.000,0.00,180.00,-27.00,OPEN,0
652968.516,0,0,1,1.000,1.000,1.000,0.00,180.00,-27.00,OPEN,0
652968.524,0,0,1,1.000,1.000,1.000,0.00,180.00,-27.00,OPEN,0
652968.534,0,0,1,1.000,1.000,1.000,0.00,180.00,-27.00,OPEN,0
652968.542,0,0,1,1.000,1.000,1.000,0.00,180.00,-27.00,OPEN,0
652968.552,0,0,1,1.000,1.000,1.000,0.00,180.00,-27.00,OPEN,0
652968.560,0,0,1,1.000,1.000,1.000,0.00,180.00,-27.00,OPEN,0
652968.569,0,0,1,1.000,1.000,1.000,0.00,180.00,-27.00,OPEN,0
652968.578,0,0,1,1.000,1.000,1.000,0.00,180.00,-27.00,OPEN,0
652968.588,0,0,1,1.000,1.000,1.000,0.00,180.00,-27.00,OPEN,0
652968.597,0,0,1,1.000,1.000,1.000,0.00,180.00,-27.00,OPEN,0
652968.606,0,0,1,1.000,1.000,1.000,0.00,180.00,-27.00,OPEN,0
652968.615,0,0,1,1.000,1.000,1.000,0.00,180.00,-27.00,OPEN,0
652968.625,0,0,1,1.000,1.000,1.000,0.00,180.00,-27.00,OPEN,0
652968.634,0,0,1,1.000,1.000,1.000,0.00,180.00,-27.00,OPEN,0
652968.645,0,0,1,1.000,1.000,1.000,0.00,180.00,-27.00,OPEN,0
652968.656,0,0,1,1.000,1.000,1.000,0.00,180.00,-27.00,OPEN,0
652968.665,0,0,1,1.000,1.000,1.000,0.00,180.00,-27.00,OPEN,0
652968.673,0,0,1,1.000,1.000,1.000,0.00,180.00,-27.00,OPEN,0
652968.682,0,0,1,1.000,1.000,1.000,0.00,180.00,-27.00,OPEN,0
652968.690,0,0,1,1.000,1.000,1.000,0.00,180.00,-27.00,OPEN,0
652968.699,0,0,1,1.000,1.000,1.000,0.00,180.00,-27.00,OPEN,0
652968.707,0,0,1,1.000,1.000,1.000,0.00,180.00,-27.00,OPEN,0
652968.716,0,0,1,1.000,1.000,1.000,0.00,180.00,-27.00,OPEN,0
652968.725,0,0,1,1.000,1.000,1.000,0.00,180.00,-27.00,OPEN,0
652968.733,0,0,1,1.000,1.000,1.000,0.00,180.00,-27.00,OPEN,0
652968.741,0,0,1,1.000,1.000,1.000,0.00,180.00,-27.00,OPEN,0
652968.751,0,0,1,1.000,1.000,1.000,0.00,180.00,-27.00,OPEN,0
652968.760,0,0,1,1.000,1.000,1.000,0.00,180.00,-27.00,OPEN,0
652968.768,0,0,1,1.000,1.000,1.000,0.00,180.00,-27.00,OPEN,0
652968.777,0,0,1,1.000,1.000,1.000,0.00,180.00,-27.00,OPEN,0
652968.788,0,0,1,1.000,1.000,1.000,0.00,180.00,-27.00,OPEN,0
652968.799,0,0,1,1.000,1.000,1.000,0.00,180.00,-27.00,OPEN,0
652968.808,0,0,1,1.000,1.000,1.000,0.00,180.00,-27.00,OPEN,0
652968.816,0,0,1,1.000,1.000,1.000,0.00,180.00,-27.00,OPEN,0
652968.824,0,0,1,1.000,1.000,1.000,0.00,180.00,-27.00,OPEN,0
652968.833,0,0,1,1.000,1.000,1.000,0.00,180.00,-27.00,OPEN,0
652968.842,0,0,1,1.000,1.000,1.000,0.00,180.00,-27.00,OPEN,0
652968.851,0,0,1,1.000,1.000,1.000,0.00,180.00,-27.00,OPEN,0
652968.860,0,0,1,1.000,1.000,1.000,0.00,180.00,-27.00,OPEN,0
652968.869,0,0,1,1.000,1.000,1.000,0.00,180.00,-27.00,OPEN,0
652968.879,0,0,1,1.000,1.000,1.000,0.00,180.00,-27.00,OPEN,0
652968.887,0,0,1,1.000,1.000,1.000,0.00,180.00,-27.00,OPEN,0
652968.897,0,0,1,1.000,1.000,1.000,0.00,180.00,-27.00,OPEN,0
652968.905,0,0,1,1.000,1.000,1.000,0.00,180.00,-27.00,OPEN,0
652968.913,0,0,1,1.000,1.000,1.000,0.00,180.00,-27.00,OPEN,0
652968.922,0,0,1,1.000,0.999,1.000,0.00,180.00,-27.00,OPEN,0
652968.931,0,0,1,1.000,0.995,1.000,0.00,180.00,-27.00,OPEN,0
652968.942,0,0,1,1.000,0.752,1.000,0.00,180.00,-27.00,OPEN,0
652968.951,0,0,1,1.000,1.000,1.000,0.00,180.00,-27.00,OPEN,0
652968.959,0,0,1,1.000,1.000,1.000,0.00,180.00,-27.00,OPEN,0
652968.967,0,0,1,0.998,1.000,1.000,0.00,180.00,-27.00,OPEN,0
652968.975,0,0,1,0.993,1.000,1.000,0.00,180.00,-27.00,OPEN,0
652968.985,0,0,1,0.993,1.000,1.000,0.00,180.00,-27.00,OPEN,0
652968.994,0,0,1,0.988,1.000,1.000,0.00,180.00,-27.00,OPEN,0
652969.003,0,0,1,0.978,1.000,1.000,0.00,180.00,-27.00,OPEN,0
652969.011,0,1,1,0.966,1.000,1.000,0.00,90.00,-27.00,OPEN,1
652969.021,0,1,1,0.957,1.000,1.000,0.00,90.00,-27.00,OPEN,0
652969.031,0,1,1,0.943,1.000,0.999,0.00,90.00,-27.00,OPEN,0
652969.040,0,1,1,0.899,1.000,0.996,0.00,90.00,-27.00,OPEN,0
652969.049,0,1,1,0.800,1.000,0.937,0.00,90.00,-27.00,OPEN,0
652969.059,0,1,1,0.792,1.000,0.895,0.00,90.00,-27.00,OPEN,0
652969.067,0,1,1,0.995,1.000,0.698,0.00,90.00,-27.00,OPEN,0
652969.076,0,1,1,1.000,1.000,0.554,0.00,90.00,-27.00,OPEN,0
652969.084,0,1,1,1.000,1.000,0.947,0.00,90.00,-27.00,OPEN,0
652969.095,0,1,1,1.000,1.000,0.993,0.00,90.00,-27.00,OPEN,0
652969.104,0,1,1,1.000,1.000,1.000,0.00,90.00,-27.00,OPEN,0
652969.113,0,1,1,1.000,1.000,1.000,0.00,90.00,-27.00,OPEN,0
652969.121,0,1,1,1.000,1.000,1.000,0.00,90.00,-27.00,OPEN,0
652969.131,0,1,1,1.000,1.000,1.000,0.00,90.00,-27.00,OPEN,0
652969.139,0,1,1,1.000,1.000,1.000,0.00,90.00,-27.00,OPEN,0
652969.147,0,1,0,1.000,0.999,1.000,-90.00,90.00,-27.00,OPEN,1
652969.155,0,1,0,1.000,0.993,1.000,-90.00,90.00,-27.00,OPEN,0
652969.163,0,1,0,1.000,0.939,1.000,-90.00,90.00,-27.00,OPEN,0
652969.172,0,1,0,0.996,0.544,1.000,-90.00,90.00,-27.00,OPEN,0
652969.181,0,1,0,0.997,0.868,1.000,-90.00,90.00,-27.00,OPEN,0
652969.189,0,1,0,1.000,0.805,1.000,-90.00,90.00,-27.00,OPEN,0
652969.199,0,1,0,1.000,0.776,1.000,-90.00,90.00,-27.00,OPEN,0
652969.208,0,1,0,1.000,0.828,1.000,-90.00,90.00,-27.00,OPEN,0
652969.217,0,1,0,1.000,0.966,1.000,-90.00,90.00,-27.00,OPEN,0
652969.226,0,1,0,1.000,0.990,1.000,-90.00,90.00,-27.00,OPEN,0
652969.235,0,1,0,1.000,0.997,1.000,-90.00,90.00,-27.00,OPEN,0
652969.243,0,0,0,1.000,0.999,1.000,-90.00,180.00,-27.00,OPEN,0
652969.252,0,0,0,1.000,1.000,1.000,-90.00,180.00,-27.00,OPEN,1
652969.261,0,0,0,1.000,1.000,1.000,-90.00,180.00,-27.00,OPEN,0
652969.271,0,0,0,1.000,1.000,1.000,-90.00,180.00,-27.00,OPEN,0
652969.282,0,0,0,1.000,1.000,1.000,-90.00,180.00,-27.00,OPEN,0
652969.294,0,0,0,1.000,1.000,1.000,-90.00,180.00,-27.00,OPEN,0
652969.303,0,0,0,1.000,1.000,1.000,-90.00,180.00,-27.00,OPEN,0
652969.313,0,0,0,1.000,1.000,1.000,-90.00,180.00,-27.00,OPEN,0
652969.322,0,0,0,1.000,1.000,1.000,-90.00,180.00,-27.00,OPEN,0
652969.332,0,0,0,1.000,1.000,1.000,-90.00,180.00,-27.00,OPEN,0
652969.341,0,0,0,1.000,1.000,1.000,-90.00,180.00,-27.00,OPEN,0
652969.351,0,0,0,1.000,1.000,1.000,-90.00,180.00,-27.00,OPEN,0
652969.360,0,0,0,1.000,1.000,1.000,-90.00,180.00,-27.00,OPEN,0
652969.368,0,0,0,1.000,1.000,1.000,-90.00,180.00,-27.00,OPEN,0
652969.377,0,0,0,1.000,1.000,1.000,-90.00,180.00,-27.00,OPEN,0
652969.385,0,0,0,1.000,1.000,1.000,-90.00,180.00,-27.00,OPEN,0
652969.394,0,0,0,1.000,1.000,1.000,-90.00,180.00,-27.00,OPEN,0
652969.407,0,0,0,1.000,1.000,1.000,-90.00,180.00,-27.00,OPEN,0
652969.422,0,0,0,1.000,1.000,1.000,-90.00,180.00,-27.00,OPEN,0
652969.434,0,0,0,1.000,1.000,1.000,-90.00,180.00,-27.00,OPEN,0
652969.445,0,0,0,1.000,1.000,1.000,-90.00,180.00,-27.00,OPEN,0
652969.458,0,0,0,1.000,1.000,1.000,-90.00,180.00,-27.00,OPEN,0
652969.468,0,0,0,1.000,1.000,1.000,-90.00,180.00,-27.00,OPEN,0
652969.477,0,0,0,1.000,1.000,1.000,-90.00,180.00,-27.00,OPEN,0
652969.486,0,0,0,1.000,1.000,1.000,-90.00,180.00,-27.00,OPEN,0
652969.494,0,0,0,1.000,1.000,1.000,-90.00,180.00,-27.00,OPEN,0
652969.503,0,0,0,1.000,1.000,1.000,-90.00,180.00,-27.00,OPEN,0
652969.511,0,0,0,1.000,1.000,1.000,-90.00,180.00,-27.00,OPEN,0
652969.522,0,0,0,1.000,1.000,1.000,-90.00,180.00,-27.00,OPEN,0
652969.534,0,0,0,1.000,1.000,1.000,-90.00,180.00,-27.00,OPEN,0
652969.544,0,0,0,1.000,1.000,1.000,-90.00,180.00,-27.00,OPEN,0
652969.553,0,0,0,1.000,1.000,1.000,-90.00,180.00,-27.00,OPEN,0
652969.564,0,0,0,1.000,1.000,1.000,-90.00,180.00,-27.00,OPEN,0
652969.575,0,0,0,1.000,1.000,1.000,-90.00,180.00,-27.00,OPEN,0
652969.583,0,0,0,1.000,1.000,1.000,-90.00,180.00,-27.00,OPEN,0
652969.592,0,0,0,1.000,1.000,1.000,-90.00,180.00,-27.00,OPEN,0
652969.602,0,0,0,1.000,1.000,1.000,-90.00,180.00,-27.00,OPEN,0
652969.610,0,0,0,1.000,1.000,1.000,-90.00,180.00,-27.00,OPEN,0
652969.619,0,0,0,1.000,1.000,1.000,-90.00,180.00,-27.00,OPEN,0
652969.629,0,0,0,1.000,1.000,1.000,-90.00,180.00,-27.00,OPEN,0
652969.638,0,0,0,1.000,1.000,1.000,-90.00,180.00,-27.00,OPEN,0
652969.646,0,0,0,1.000,1.000,1.000,-90.00,180.00,-27.00,OPEN,0
652969.658,0,0,0,1.000,1.000,1.000,-90.00,180.00,-27.00,OPEN,0
652969.667,0,0,0,1.000,1.000,1.000,-90.00,180.00,-27.00,OPEN,0
652969.677,0,0,0,1.000,1.000,1.000,-90.00,180.00,-27.00,OPEN,0
652969.685,0,0,0,1.000,1.000,1.000,-90.00,180.00,-27.00,OPEN,0
652969.693,0,0,0,1.000,1.000,1.000,-90.00,180.00,-27.00,OPEN,0
652969.703,0,0,0,1.000,1.000,1.000,-90.00,180.00,-27.00,OPEN,0
652969.712,0,0,0,1.000,1.000,1.000,-90.00,180.00,-27.00,OPEN,0
652969.722,0,0,0,1.000,1.000,1.000,-90.00,180.00,-27.00,OPEN,0
652969.732,0,0,0,1.000,1.000,1.000,-90.00,180.00,-27.00,OPEN,0
652969.742,0,0,0,1.000,1.000,1.000,-90.00,180.00,-27.00,OPEN,0
652969.751,0,0,0,1.000,1.000,1.000,-90.00,180.00,-27.00,OPEN,0
652969.760,0,0,0,1.000,1.000,1.000,-90.00,180.00,-27.00,OPEN,0
652969.769,0,0,0,1.000,1.000,1.000,-90.00,180.00,-27.00,OPEN,0
652969.778,0,0,0,1.000,1.000,1.000,-90.00,180.00,-27.00,OPEN,0
652969.789,0,0,0,1.000,1.000,1.000,-90.00,180.00,-27.00,OPEN,0
652969.801,0,0,0,1.000,1.000,1.000,-90.00,180.00,-27.00,OPEN,0
652969.811,0,0,0,1.000,1.000,1.000,-90.00,180.00,-27.00,OPEN,0
652969.824,0,0,0,1.000,1.000,1.000,-90.00,180.00,-27.00,OPEN,0
652969.838,0,0,0,1.000,1.000,1.000,-90.00,180.00,-27.00,OPEN,0
652969.853,0,0,0,1.000,1.000,1.000,-90.00,180.00,-27.00,OPEN,0
652969.869,0,0,0,1.000,1.000,1.000,-90.00,180.00,-27.00,OPEN,0
652969.893,0,0,0,1.000,1.000,1.000,-90.00,180.00,-27.00,OPEN,0
652969.915,0,0,0,1.000,1.000,1.000,-90.00,180.00,-27.00,OPEN,0
652969.926,0,0,0,1.000,1.000,1.000,-90.00,180.00,-27.00,OPEN,0
652969.941,0,0,0,1.000,1.000,1.000,-90.00,180.00,-27.00,OPEN,0
652969.957,0,0,0,1.000,1.000,1.000,-90.00,180.00,-27.00,OPEN,0
652969.972,0,0,0,1.000,1.000,1.000,-90.00,180.00,-27.00,OPEN,0
652969.993,0,0,0,1.000,1.000,1.000,-90.00,180.00,-27.00,OPEN,0
652970.014,0,0,0,1.000,1.000,1.000,-90.00,180.00,-27.00,OPEN,0
652970.030,0,0,0,1.000,1.000,1.000,-90.00,180.00,-27.00,OPEN,0
652970.047,0,0,0,1.000,1.000,1.000,-90.00,180.00,-27.00,OPEN,0
652970.064,0,0,0,1.000,1.000,1.000,-90.00,180.00,-27.00,OPEN,0
652970.077,0,0,0,1.000,1.000,1.000,-90.00,180.00,-27.00,OPEN,0
652970.089,0,0,0,1.000,1.000,1.000,-90.00,180.00,-27.00,OPEN,0
652970.099,0,0,0,1.000,1.000,1.000,-90.00,180.00,-27.00,OPEN,0
652970.110,0,0,0,1.000,1.000,1.000,-90.00,180.00,-27.00,OPEN,0
652970.120,0,0,0,1.000,1.000,1.000,-90.00,180.00,-27.00,OPEN,0
652970.129,0,0,0,1.000,1.000,1.000,-90.00,180.00,-27.00,OPEN,0
652970.139,0,0,0,1.000,1.000,1.000,-90.00,180.00,-27.00,OPEN,0
652970.148,0,0,0,1.000,1.000,1.000,-90.00,180.00,-27.00,OPEN,0
652970.158,0,0,0,1.000,1.000,1.000,-90.00,180.00,-27.00,OPEN,0
652970.168,0,0,0,1.000,1.000,1.000,-90.00,180.00,-27.00,OPEN,0
652970.177,0,0,0,1.000,1.000,1.000,-90.00,180.00,-27.00,OPEN,0
652970.187,0,0,0,1.000,1.000,1.000,-90.00,180.00,-27.00,OPEN,0
652970.197,0,0,0,1.000,1.000,1.000,-90.00,180.00,-27.00,OPEN,0
652970.207,0,0,0,1.000,1.000,1.000,-90.00,180.00,-27.00,OPEN,0
652970.218,0,0,0,1.000,1.000,1.000,-90.00,180.00,-27.00,OPEN,0
652970.228,0,0,0,1.000,1.000,1.000,-90.00,180.00,-27.00,OPEN,0
652970.238,0,0,0,1.000,1.000,1.000,-90.00,180.00,-27.00,OPEN,0
652970.248,0,0,0,1.000,1.000,1.000,-90.00,180.00,-27.00,OPEN,0
652970.257,0,0,0,1.000,1.000,1.000,-90.00,180.00,-27.00,OPEN,0
652970.267,0,0,0,1.000,1.000,1.000,-90.00,180.00,-27.00,OPEN,0
652970.277,0,0,0,1.000,1.000,1.000,-90.00,180.00,-27.00,OPEN,0
652970.287,0,0,0,1.000,1.000,1.000,-90.00,180.00,-27.00,OPEN,0
652970.300,0,0,0,1.000,1.000,1.000,-90.00,180.00,-27.00,OPEN,0
652970.313,0,0,0,1.000,1.000,1.000,-90.00,180.00,-27.00,OPEN,0
652970.324,0,0,0,1.000,1.000,1.000,-90.00,180.00,-27.00,OPEN,0
652970.337,0,0,0,1.000,1.000,1.000,-90.00,180.00,-27.00,OPEN,0
652970.347,0,0,0,1.000,1.000,1.000,-90.00,180.00,-27.00,OPEN,0
652970.357,0,0,0,1.000,1.000,1.000,-90.00,180.00,-27.00,OPEN,0
652970.369,0,0,0,1.000,1.000,1.000,-90.00,180.00,-27.00,OPEN,0
652970.380,0,0,0,1.000,1.000,1.000,-90.00,180.00,-27.00,OPEN,0
652970.390,0,0,0,1.000,1.000,1.000,-90.00,180.00,-27.00,OPEN,0
652970.400,0,0,0,1.000,1.000,1.000,-90.00,180.00,-27.00,OPEN,0
652970.410,0,0,0,1.000,1.000,1.000,-90.00,180.00,-27.00,OPEN,0
652970.420,0,0,0,1.000,1.000,1.000,-90.00,180.00,-27.00,OPEN,0
652970.430,0,0,0,1.000,1.000,1.000,-90.00,180.00,-27.00,OPEN,0
652970.441,0,0,0,1.000,1.000,1.000,-90.00,180.00,-27.00,OPEN,0
652970.451,0,0,0,1.000,1.000,1.000,-90.00,180.00,-27.00,OPEN,0
652970.461,0,0,0,1.000,1.000,1.000,-90.00,180.00,-27.00,OPEN,0
652970.470,0,0,0,1.000,1.000,1.000,-90.00,180.00,-27.00,OPEN,0
652970.481,0,0,0,1.000,1.000,1.000,-90.00,180.00,-27.00,OPEN,0
652970.490,0,0,0,1.000,1.000,1.000,-90.00,180.00,-27.00,OPEN,0
652970.500,0,0,0,1.000,1.000,1.000,-90.00,180.00,-27.00,OPEN,0
652970.509,0,0,0,1.000,1.000,1.000,-90.00,180.00,-27.00,OPEN,0
652970.519,0,0,0,0.999,1.000,1.000,-90.00,180.00,-27.00,OPEN,0
652970.529,0,0,0,1.000,1.000,1.000,-90.00,180.00,-27.00,OPEN,0
652970.543,0,0,0,0.999,0.985,1.000,-90.00,180.00,-27.00,OPEN,0
652970.554,0,0,0,1.000,0.997,0.988,-90.00,180.00,-27.00,OPEN,0
652970.563,0,0,0,0.997,1.000,0.522,-90.00,180.00,-27.00,OPEN,0
652970.571,0,0,0,0.988,1.000,0.916,-90.00,180.00,-27.00,OPEN,0
652970.580,0,0,0,0.988,1.000,0.968,-90.00,180.00,-27.00,OPEN,0
652970.589,0,0,0,0.984,1.000,0.974,-90.00,180.00,-27.00,OPEN,0
652970.598,0,0,0,0.990,1.000,0.974,-90.00,180.00,-27.00,OPEN,0
652970.606,0,0,0,0.993,1.000,0.976,-90.00,180.00,-27.00,OPEN,0
652970.615,0,1,0,0.994,1.000,0.962,-90.00,90.00,-27.00,OPEN,1
652970.623,0,1,0,0.996,1.000,0.967,-90.00,90.00,-27.00,OPEN,0
652970.632,0,1,1,1.000,1.000,0.968,0.00,90.00,-27.00,OPEN,0
652970.642,0,1,1,1.000,1.000,0.942,0.00,90.00,-27.00,OPEN,0
652970.651,0,1,1,1.000,1.000,0.924,0.00,90.00,-27.00,OPEN,0
652970.661,0,1,1,1.000,1.000,0.954,0.00,90.00,-27.00,OPEN,0
652970.670,0,1,1,1.000,1.000,0.982,0.00,90.00,-27.00,OPEN,0
652970.679,0,1,1,1.000,1.000,0.996,0.00,90.00,-27.00,OPEN,0
652970.688,0,1,1,1.000,1.000,1.000,0.00,90.00,-27.00,OPEN,0
652970.697,0,1,1,1.000,1.000,1.000,0.00,90.00,-27.00,OPEN,0
652970.706,0,1,1,1.000,1.000,1.000,0.00,90.00,-27.00,OPEN,0
652970.715,0,1,1,1.000,1.000,1.000,0.00,90.00,-27.00,OPEN,1
652970.725,0,1,1,1.000,1.000,1.000,0.00,90.00,-27.00,OPEN,0
652970.734,0,1,1,1.000,1.000,1.000,0.00,90.00,-27.00,OPEN,0
652970.742,0,1,1,1.000,1.000,1.000,0.00,90.00,-27.00,OPEN,0
652970.751,0,1,1,1.000,0.999,1.000,0.00,90.00,-27.00,OPEN,0
652970.759,0,1,1,1.000,0.991,1.000,0.00,90.00,-27.00,OPEN,0
652970.768,0,1,1,1.000,0.974,1.000,0.00,90.00,-27.00,OPEN,0
652970.776,0,1,1,1.000,0.942,1.000,0.00,90.00,-27.00,OPEN,0
652970.785,0,1,1,1.000,0.925,1.000,0.00,90.00,-27.00,OPEN,0
652970.794,0,1,1,1.000,0.880,1.000,0.00,90.00,-27.00,OPEN,0
652970.802,0,1,1,1.000,0.821,1.000,0.00,90.00,-27.00,OPEN,0
652970.811,0,1,1,1.000,0.805,1.000,0.00,90.00,-27.00,OPEN,0
652970.820,0,1,1,0.999,0.958,1.000,0.00,90.00,-27.00,OPEN,0
652970.829,0,1,1,0.999,0.995,1.000,0.00,90.00,-27.00,OPEN,0
652970.838,0,1,1,0.999,0.999,1.000,0.00,90.00,-27.00,OPEN,0
652970.846,0,1,1,0.998,1.000,1.000,0.00,90.00,-27.00,OPEN,0
652970.856,0,1,1,1.000,1.000,1.000,0.00,90.00,-27.00,OPEN,0
652970.865,0,1,1,1.000,1.000,1.000,0.00,90.00,-27.00,OPEN,0
652970.874,0,1,1,1.000,1.000,1.000,0.00,90.00,-27.00,OPEN,0
652970.883,0,1,1,1.000,1.000,1.000,0.00,90.00,-27.00,OPEN,0
652970.893,0,1,1,1.000,1.000,1.000,0.00,90.00,-27.00,OPEN,0
652970.903,0,1,1,1.000,1.000,1.000,0.00,90.00,-27.00,OPEN,0
652970.911,0,1,1,1.000,1.000,1.000,0.00,90.00,-27.00,OPEN,0
652970.921,0,1,1,1.000,1.000,1.000,0.00,90.00,-27.00,OPEN,0
652970.929,0,1,1,1.000,1.000,1.000,0.00,90.00,-27.00,OPEN,0
652970.938,0,1,1,1.000,1.000,1.000,0.00,90.00,-27.00,OPEN,0
652970.946,0,1,1,1.000,1.000,1.000,0.00,90.00,-27.00,OPEN,0
652970.955,0,1,1,1.000,1.000,1.000,0.00,90.00,-27.00,OPEN,0
652970.964,0,1,1,1.000,1.000,1.000,0.00,90.00,-27.00,OPEN,0
652970.974,0,1,1,1.000,1.000,1.000,0.00,90.00,-27.00,OPEN,0
652970.984,0,1,1,1.000,1.000,1.000,0.00,90.00,-27.00,OPEN,0
652970.998,0,1,1,1.000,1.000,1.000,0.00,90.00,-27.00,OPEN,0
652971.007,0,1,1,1.000,1.000,1.000,0.00,90.00,-27.00,OPEN,0
652971.016,0,1,1,1.000,1.000,1.000,0.00,90.00,-27.00,OPEN,0
652971.025,0,1,1,1.000,1.000,1.000,0.00,90.00,-27.00,OPEN,0
652971.035,0,1,1,1.000,1.000,1.000,0.00,90.00,-27.00,OPEN,0
652971.045,0,1,1,1.000,1.000,1.000,0.00,90.00,-27.00,OPEN,0
652971.055,0,1,1,1.000,1.000,1.000,0.00,90.00,-27.00,OPEN,0
652971.064,0,1,1,1.000,1.000,1.000,0.00,90.00,-27.00,OPEN,0
652971.074,0,1,1,1.000,1.000,1.000,0.00,90.00,-27.00,OPEN,0
652971.082,0,1,1,1.000,1.000,1.000,0.00,90.00,-27.00,OPEN,0
652971.091,0,1,1,1.000,1.000,1.000,0.00,90.00,-27.00,OPEN,0
652971.099,0,1,1,1.000,1.000,1.000,0.00,90.00,-27.00,OPEN,0
652971.108,0,1,1,1.000,1.000,1.000,0.00,90.00,-27.00,OPEN,0
652971.118,0,1,1,1.000,1.000,1.000,0.00,90.00,-27.00,OPEN,0
652971.128,0,1,1,1.000,1.000,1.000,0.00,90.00,-27.00,OPEN,0
652971.138,0,1,1,1.000,1.000,1.000,0.00,90.00,-27.00,OPEN,0
652971.147,0,1,1,1.000,1.000,1.000,0.00,90.00,-27.00,OPEN,0
652971.158,0,1,1,1.000,1.000,1.000,0.00,90.00,-27.00,OPEN,0
652971.166,0,1,1,1.000,1.000,1.000,0.00,90.00,-27.00,OPEN,0
652971.175,0,1,1,1.000,1.000,1.000,0.00,90.00,-27.00,OPEN,0
652971.188,0,1,1,1.000,1.000,1.000,0.00,90.00,-27.00,OPEN,0
652971.199,0,1,1,1.000,1.000,1.000,0.00,90.00,-27.00,OPEN,0
652971.209,0,1,1,1.000,1.000,1.000,0.00,90.00,-27.00,OPEN,0
652971.218,0,1,1,1.000,1.000,1.000,0.00,90.00,-27.00,OPEN,0
652971.228,0,1,1,1.000,1.000,1.000,0.00,90.00,-27.00,OPEN,0
652971.237,0,1,1,1.000,1.000,1.000,0.00,90.00,-27.00,OPEN,0
652971.246,0,1,1,1.000,1.000,1.000,0.00,90.00,-27.00,OPEN,0
652971.255,0,1,1,1.000,1.000,1.000,0.00,90.00,-27.00,OPEN,0
652971.267,0,1,1,1.000,1.000,1.000,0.00,90.00,-27.00,OPEN,0
652971.282,0,1,1,1.000,1.000,1.000,0.00,90.00,-27.00,OPEN,0
652971.292,0,1,1,1.000,1.000,1.000,0.00,90.00,-27.00,OPEN,0
652971.302,0,1,1,1.000,1.000,1.000,0.00,90.00,-27.00,OPEN,0
652971.313,0,1,1,1.000,1.000,1.000,0.00,90.00,-27.00,OPEN,0
652971.323,0,1,1,1.000,1.000,1.000,0.00,90.00,-27.00,OPEN,0
652971.332,0,1,1,1.000,1.000,1.000,0.00,90.00,-27.00,OPEN,0
652971.340,0,1,1,1.000,1.000,1.000,0.00,90.00,-27.00,OPEN,0
652971.351,0,1,1,1.000,1.000,1.000,0.00,90.00,-27.00,OPEN,0
652971.362,0,1,1,1.000,1.000,1.000,0.00,90.00,-27.00,OPEN,0
652971.372,0,1,1,1.000,1.000,1.000,0.00,90.00,-27.00,OPEN,0
652971.384,0,1,1,1.000,1.000,1.000,0.00,90.00,-27.00,OPEN,0
652971.396,0,1,1,1.000,1.000,1.000,0.00,90.00,-27.00,OPEN,0
652971.408,0,1,1,1.000,1.000,1.000,0.00,90.00,-27.00,OPEN,0
652971.416,0,1,1,1.000,1.000,1.000,0.00,90.00,-27.00,OPEN,0
652971.425,0,1,1,1.000,1.000,1.000,0.00,90.00,-27.00,OPEN,0
652971.434,0,1,1,1.000,1.000,1.000,0.00,90.00,-27.00,OPEN,0
652971.442,0,1,1,1.000,1.000,1.000,0.00,90.00,-27.00,OPEN,0
652971.451,0,1,1,1.000,1.000,1.000,0.00,90.00,-27.00,OPEN,0
652971.460,0,1,1,1.000,1.000,1.000,0.00,90.00,-27.00,OPEN,0
652971.474,0,1,1,1.000,1.000,1.000,0.00,90.00,-27.00,OPEN,0
652971.486,0,1,1,1.000,1.000,1.000,0.00,90.00,-27.00,OPEN,0
652971.494,0,1,1,1.000,1.000,1.000,0.00,90.00,-27.00,OPEN,0
652971.504,0,1,1,1.000,1.000,1.000,0.00,90.00,-27.00,OPEN,0
652971.515,0,1,1,1.000,1.000,1.000,0.00,90.00,-27.00,OPEN,0
652971.526,0,1,1,1.000,1.000,1.000,0.00,90.00,-27.00,OPEN,0
652971.537,0,1,1,1.000,1.000,1.000,0.00,90.00,-27.00,OPEN,0
652971.547,0,1,1,1.000,1.000,1.000,0.00,90.00,-27.00,OPEN,0
652971.559,0,1,1,1.000,1.000,1.000,0.00,90.00,-27.00,OPEN,0
652971.569,0,1,1,1.000,1.000,1.000,0.00,90.00,-27.00,OPEN,0
652971.578,0,1,1,1.000,1.000,1.000,0.00,90.00,-27.00,OPEN,0
652971.588,0,1,1,1.000,1.000,1.000,0.00,90.00,-27.00,OPEN,0
652971.598,0,1,1,1.000,1.000,1.000,0.00,90.00,-27.00,OPEN,0
652971.608,0,1,1,1.000,1.000,1.000,0.00,90.00,-27.00,OPEN,0
652971.617,0,1,1,1.000,1.000,1.000,0.00,90.00,-27.00,OPEN,0
652971.626,0,1,1,1.000,1.000,1.000,0.00,90.00,-27.00,OPEN,0
652971.635,0,1,1,1.000,1.000,1.000,0.00,90.00,-27.00,OPEN,0
652971.647,0,1,1,1.000,1.000,1.000,0.00,90.00,-27.00,OPEN,0
652971.657,0,1,1,1.000,1.000,1.000,0.00,90.00,-27.00,OPEN,0
652971.667,0,1,1,1.000,1.000,1.000,0.00,90.00,-27.00,OPEN,0
652971.678,0,1,1,1.000,1.000,1.000,0.00,90.00,-27.00,OPEN,0
652971.688,0,1,1,1.000,1.000,1.000,0.00,90.00,-27.00,OPEN,0
652971.697,0,1,1,1.000,1.000,1.000,0.00,90.00,-27.00,OPEN,0
652971.707,0,1,1,1.000,1.000,1.000,0.00,90.00,-27.00,OPEN,0
652971.715,0,1,1,1.000,1.000,1.000,0.00,90.00,-27.00,OPEN,0
652971.725,0,1,1,1.000,1.000,1.000,0.00,90.00,-27.00,OPEN,0
652971.735,0,1,1,1.000,1.000,1.000,0.00,90.00,-27.00,OPEN,0
652971.745,0,1,1,1.000,1.000,1.000,0.00,90.00,-27.00,OPEN,0
652971.754,0,1,1,1.000,1.000,1.000,0.00,90.00,-27.00,OPEN,0
652971.763,0,1,1,1.000,1.000,1.000,0.00,90.00,-27.00,OPEN,0
652971.771,0,1,1,1.000,0.999,1.000,0.00,90.00,-27.00,OPEN,0
652971.779,0,1,1,1.000,0.995,1.000,0.00,90.00,-27.00,OPEN,0
652971.788,0,1,1,1.000,0.975,1.000,0.00,90.00,-27.00,OPEN,0
652971.796,0,1,1,1.000,0.857,0.999,0.00,90.00,-27.00,OPEN,0
652971.805,0,1,1,1.000,0.741,0.998,0.00,90.00,-27.00,OPEN,0
652971.813,0,1,1,1.000,0.639,0.992,0.00,90.00,-27.00,OPEN,0
652971.822,0,1,1,0.999,0.914,0.968,0.00,90.00,-27.00,OPEN,0
652971.831,0,1,1,0.999,0.976,0.877,0.00,90.00,-27.00,OPEN,0
652971.841,0,1,1,0.999,0.990,0.686,0.00,90.00,-27.00,OPEN,0
652971.850,0,1,1,0.998,0.996,0.554,0.00,90.00,-27.00,OPEN,0
652971.858,0,1,1,0.999,0.992,0.619,0.00,90.00,-27.00,OPEN,0
652971.870,0,1,1,0.999,0.995,0.804,0.00,90.00,-27.00,OPEN,0
652971.881,0,1,1,0.999,1.000,0.941,0.00,90.00,-27.00,OPEN,0
652971.890,0,0,1,1.000,1.000,0.996,0.00,180.00,-27.00,OPEN,1
652971.901,0,0,1,1.000,1.000,0.996,0.00,180.00,-27.00,OPEN,0
652971.911,0,0,1,1.000,1.000,0.999,0.00,180.00,-27.00,OPEN,0
652971.933,0,0,1,1.000,1.000,0.999,0.00,180.00,-27.00,OPEN,0
